关卡ID,关卡名称,随机元素种类（至少3色）,消除目标,关卡步数,3星要求,金币奖励,棋盘形状64位掩码,首次通关道具奖励
number,string,string,string,number,string,string,string,string
ID,name,cakes,targets,limit,stars,golds,boardMask,propReward
1,1,cake09|cake10|cake01,cake09-5,8,150|300|450,25|25|50,0111111011111111111111111111111111111111111111111111111101111110,random:1
2,2,cake02|cake04|cake05|cake07|cake06|cake08|cake01|cake03,cake02-5,8,150|300|450,25|25|50,0011110000111100111111111111111111111111111111110011110000111100,random:1
3,3,cake01|cake05|cake07|cake06|cake08|cake04|cake03|cake02,cake01-5,8,150|300|450,25|25|50,1100001111000011110000111111111111111111110000111100001111000011,random:1
4,4,cake05|cake08|cake04|cake07|cake01|cake02|cake03|cake06,cake05-5,8,150|300|450,25|25|50,1111000011110000111100000000000000000000000011110000111100001111,random:1
5,5,cake01|cake06|cake02|cake03|cake05|cake08|cake07|cake04,cake01-5,8,150|300|450,25|25|50,1111000011110000111100000000000000000000000011110000111100001111,random:1
6,6,cake04|cake06|cake08|cake07|cake03|cake02|cake05|cake01,cake04-5,8,150|300|450,25|25|50,0111111000111100000110000001100000011000000110000011110001111110,random:1
7,7,cake03|cake04|cake01|cake07|cake02|cake05|cake06|cake08,cake03-5,8,150|300|450,25|25|50,0011110001111110111111111110011111100111111111110111111000111100,random:1
8,8,cake08|cake06|cake01|cake05|cake02|cake03|cake07|cake04,cake08-5,8,150|300|450,25|25|50,0011110001111110111111111110011111100111111111110111111000111100,random:1
9,9,cake05|cake08|cake02|cake04|cake01|cake07|cake03|cake06,cake05-5,8,150|300|450,25|25|50,0001100000111100011111101111111111111111011111100011110000011000,random:1
10,10,cake02|cake03|cake08|cake01|cake05|cake04|cake06|cake07,cake02-5,8,150|300|450,25|25|50,0111111011111111111111111111111111111111111111111111111101111110,random:1
11,11,cake04|cake02|cake01|cake08|cake05|cake06|cake03|cake07,cake04-5,8,150|300|450,25|25|50,0111111000111100000110000001100000011000000110000011110001111110,random:1
12,12,cake02|cake05|cake08|cake01|cake03|cake04|cake06|cake07,cake02-5,8,150|300|450,25|25|50,1111111111111111111111111111111111111111111111111111111111111111,random:1
13,13,cake07|cake01|cake03|cake08|cake04|cake06|cake02|cake05,cake07-5,8,150|300|450,25|25|50,1111111111111111111111111111111111111111111111111111111111111111,random:1
14,14,cake04|cake01|cake07|cake08|cake06|cake03|cake05|cake02,cake04-5,8,150|300|450,25|25|50,0011110001111110111111111110011111100111111111110111111000111100,random:1
15,15,cake07|cake02|cake01|cake08|cake05|cake03|cake06|cake04,cake07-5,8,150|300|450,25|25|50,0011110000111100111111111111111111111111111111110011110000111100,random:1
16,16,cake08|cake06|cake04|cake02|cake05|cake01|cake03|cake07,cake08-5,8,150|300|450,25|25|50,0001100000111100011111101111111111111111011111100011110000011000,random:1
17,17,cake03|cake06|cake05|cake04|cake01|cake07|cake08|cake02,cake03-5,8,150|300|450,25|25|50,1100001111000011110000111111111111111111110000111100001111000011,random:1
18,18,cake05|cake04|cake06|cake01|cake02|cake08|cake03|cake07,cake05-5,8,150|300|450,25|25|50,1100001111000011110000111111111111111111110000111100001111000011,random:1
19,19,cake03|cake06|cake04|cake05|cake02|cake07|cake08|cake01,cake03-5,8,150|300|450,25|25|50,1111111111111111111111111111111111111111111111111111111111111111,random:1
20,20,cake01|cake02|cake08|cake05|cake03|cake07|cake04|cake06,cake01-5,8,150|300|450,25|25|50,0111111000111100000110000001100000011000000110000011110001111110,random:1
21,21,cake02|cake01|cake08|cake05|cake03|cake04|cake06|cake07,cake02-5,8,150|300|450,25|25|50,0111111011111111111111111111111111111111111111111111111101111110,random:1
22,22,cake05|cake04|cake08|cake07|cake03|cake01|cake02|cake06,cake05-5,8,150|300|450,25|25|50,1111111111111111111111111111111111111111111111111111111111111111,random:1
23,23,cake02|cake01|cake04|cake05|cake03|cake08|cake06|cake07,cake02-5,8,150|300|450,25|25|50,0111111000111100000110000001100000011000000110000011110001111110,random:1
24,24,cake08|cake07|cake06|cake03|cake01|cake02|cake05|cake04,cake08-5,8,150|300|450,25|25|50,0001100000111100011111101111111111111111011111100011110000011000,random:1
25,25,cake07|cake03|cake05|cake04|cake02|cake08|cake06|cake01,cake07-5,8,150|300|450,25|25|50,1111100011111100011111100011111100011111000011110000011100000011,random:1
26,26,cake06|cake02|cake01|cake07|cake08|cake04|cake05|cake03,cake06-5,8,150|300|450,25|25|50,0111111000111100000110000001100000011000000110000011110001111110,random:1
27,27,cake06|cake03|cake02|cake04|cake05|cake07|cake01|cake08,cake06-5,8,150|300|450,25|25|50,1111100011111100011111100011111100011111000011110000011100000011,random:1
28,28,cake02|cake01|cake04|cake05|cake06|cake08|cake03|cake07,cake02-5,8,150|300|450,25|25|50,0111111011111111111111111111111111111111111111111111111101111110,random:1
29,29,cake08|cake01|cake05|cake04|cake06|cake07|cake02|cake03,cake08-5,8,150|300|450,25|25|50,1111100011111100011111100011111100011111000011110000011100000011,random:1
30,30,cake08|cake01|cake03|cake02|cake05|cake06|cake07|cake04,cake08-5,8,150|300|450,25|25|50,0001100000111100011111101111111111111111011111100011110000011000,random:1
31,31,cake05|cake07|cake02|cake04|cake01|cake03|cake08|cake06,cake05-5,8,150|300|450,25|25|50,0001100000111100011111101111111111111111011111100011110000011000,random:1
32,32,cake02|cake07|cake05|cake01|cake08|cake04|cake03|cake06,cake02-5,8,150|300|450,25|25|50,0011110001111110111111111110011111100111111111110111111000111100,random:1
33,33,cake01|cake03|cake06|cake04|cake05|cake08|cake02|cake07,cake01-5,8,150|300|450,25|25|50,1100001111000011110000111111111111111111110000111100001111000011,random:1
34,34,cake01|cake02|cake06|cake04|cake05|cake08|cake03|cake07,cake01-5,8,150|300|450,25|25|50,0011110001111110111111111110011111100111111111110111111000111100,random:1
35,35,cake02|cake01|cake08|cake06|cake03|cake05|cake04|cake07,cake02-5,8,150|300|450,25|25|50,1111000011110000111100000000000000000000000011110000111100001111,random:1
36,36,cake02|cake01|cake04|cake06|cake03|cake07|cake08|cake05,cake02-5,8,150|300|450,25|25|50,0011110001111110111111111110011111100111111111110111111000111100,random:1
37,37,cake05|cake06|cake01|cake02|cake04|cake08|cake03|cake07,cake05-5,8,150|300|450,25|25|50,0111111011111111111111111111111111111111111111111111111101111110,random:1
38,38,cake08|cake05|cake01|cake04|cake06|cake02|cake03|cake07,cake08-5,8,150|300|450,25|25|50,0111111011111111111111111111111111111111111111111111111101111110,random:1
39,39,cake08|cake03|cake05|cake02|cake06|cake04|cake01|cake07,cake08-5,8,150|300|450,25|25|50,1111100011111100011111100011111100011111000011110000011100000011,random:1
40,40,cake01|cake05|cake06|cake08|cake04|cake02|cake03|cake07,cake01-5,8,150|300|450,25|25|50,1111100011111100011111100011111100011111000011110000011100000011,random:1
41,41,cake08|cake06|cake03|cake07|cake02|cake04|cake01|cake05,cake08-5,8,150|300|450,25|25|50,0001100000111100011111101111111111111111011111100011110000011000,random:1
42,42,cake01|cake02|cake03|cake07|cake08|cake05|cake04|cake06,cake01-5,8,150|300|450,25|25|50,1111111111111111111111111111111111111111111111111111111111111111,random:1
43,43,cake01|cake04|cake06|cake02|cake05|cake03|cake07|cake08,cake01-5,8,150|300|450,25|25|50,0111111011111111111111111111111111111111111111111111111101111110,random:1
44,44,cake05|cake07|cake08|cake03|cake01|cake02|cake04|cake06,cake05-5,8,150|300|450,25|25|50,0001100000111100011111101111111111111111011111100011110000011000,random:1
45,45,cake01|cake04|cake06|cake02|cake07|cake03|cake08|cake05,cake01-5,8,150|300|450,25|25|50,0111111000111100000110000001100000011000000110000011110001111110,random:1
46,46,cake08|cake06|cake02|cake07|cake04|cake01|cake03|cake05,cake08-5,8,150|300|450,25|25|50,1111000011110000111100000000000000000000000011110000111100001111,random:1
47,47,cake05|cake01|cake03|cake06|cake07|cake04|cake02|cake08,cake05-5,8,150|300|450,25|25|50,1111111111111111111111111111111111111111111111111111111111111111,random:1
48,48,cake04|cake01|cake05|cake08|cake07|cake03|cake02|cake06,cake04-5,8,150|300|450,25|25|50,1111111111111111111111111111111111111111111111111111111111111111,random:1
49,49,cake01|cake03|cake07|cake04|cake08|cake05|cake06|cake02,cake01-5,8,150|300|450,25|25|50,0001100000111100011111101111111111111111011111100011110000011000,random:1
50,50,cake06|cake01|cake03|cake05|cake02|cake07|cake08|cake04,cake06-5,8,150|300|450,25|25|50,0011110000111100111111111111111111111111111111110011110000111100,random:1
51,51,cake07|cake01|cake08|cake04,cake04-16|cake01-17|cake08-16,28,2450|2450|7350,165|165|490,1100001111000011110000111111111111111111110000111100001111000011,none
52,52,cake03|cake01|cake07|cake06,cake07-17|cake06-16|cake03-16,28,2450|2450|7350,165|165|490,1111100011111100011111100011111100011111000011110000011100000011,none
53,53,cake03|cake07|cake01,cake07-50,4,2500|2500|7500,170|170|500,1111000011110000111100000000000000000000000011110000111100001111,none
54,54,cake01|cake05|cake02,cake01-50,4,2500|2500|7500,170|170|500,0111111011111111111111111111111111111111111111111111111101111110,none
55,55,cake03|cake07|cake01,cake03-50,4,2500|2500|7500,170|170|500,0001100000111100011111101111111111111111011111100011110000011000,none
56,56,cake06|cake05|cake01,cake06-39,6,1950|1950|5850,130|130|390,0011110000111100111111111111111111111111111111110011110000111100,none
57,57,cake08|cake01|cake05,cake05-50,6,2500|2500|7500,170|170|500,0011110001111110111111111110011111100111111111110111111000111100,none
58,58,cake04|cake08|cake07,cake07-50,6,2500|2500|7500,170|170|500,0111111000111100000110000001100000011000000110000011110001111110,none
59,59,cake01|cake05|cake04,cake05-24|cake01-25,6,2450|2450|7350,165|165|490,1100001111000011110000111111111111111111110000111100001111000011,none
60,60,cake02|cake07|cake06|cake08,cake06-29,17,1450|1450|4350,100|100|290,1111100011111100011111100011111100011111000011110000011100000011,none
61,61,cake04|cake08|cake05|cake07,cake07-42,24,2100|2100|6300,140|140|420,1111000011110000111100000000000000000000000011110000111100001111,none
62,62,cake06|cake04|cake07|cake05|cake01|cake03|cake08,cake07-16|cake06-16|cake04-16,27,2400|2400|7200,160|160|480,0111111011111111111111111111111111111111111111111111111101111110,none
63,63,cake04|cake01|cake03|cake08|cake05|cake07,cake08-16|cake04-16|cake07-16,27,2400|2400|7200,160|160|480,0001100000111100011111101111111111111111011111100011110000011000,none
64,64,cake07|cake04|cake01|cake02,cake02-16|cake07-16|cake01-16,27,2400|2400|7200,160|160|480,0011110000111100111111111111111111111111111111110011110000111100,none
65,65,cake08|cake01|cake07|cake04|cake06|cake02|cake05,cake07-16|cake04-16|cake01-16,27,2400|2400|7200,160|160|480,0011110001111110111111111110011111100111111111110111111000111100,none
66,66,cake07|cake03|cake04|cake08|cake02,cake04-16|cake03-16|cake02-16,27,2400|2400|7200,160|160|480,0111111000111100000110000001100000011000000110000011110001111110,none
67,67,cake02|cake05|cake08|cake07,cake05-16|cake07-16|cake02-16,27,2400|2400|7200,160|160|480,1100001111000011110000111111111111111111110000111100001111000011,none
68,68,cake05|cake01|cake02|cake07|cake08|cake04|cake03,cake04-50,28,2500|2500|7500,170|170|500,1111100011111100011111100011111100011111000011110000011100000011,none
69,69,cake08|cake07|cake02|cake05|cake04|cake03,cake02-50,28,2500|2500|7500,170|170|500,1111000011110000111100000000000000000000000011110000111100001111,none
70,70,cake04|cake03|cake06|cake02|cake01|cake05,cake05-50,28,2500|2500|7500,170|170|500,0111111011111111111111111111111111111111111111111111111101111110,none
71,71,cake06|cake01|cake03|cake08|cake05,cake01-50,28,2500|2500|7500,170|170|500,0001100000111100011111101111111111111111011111100011110000011000,none
72,72,cake02|cake03|cake06|cake07|cake08|cake05|cake01,cake06-50,28,2500|2500|7500,170|170|500,0011110000111100111111111111111111111111111111110011110000111100,none
73,73,cake08|cake04|cake06|cake03,cake06-25|cake08-24,28,2450|2450|7350,165|165|490,0011110001111110111111111110011111100111111111110111111000111100,none
74,74,cake07|cake05|cake08|cake01|cake06|cake04|cake02,cake06-24|cake04-25,28,2450|2450|7350,165|165|490,0111111000111100000110000001100000011000000110000011110001111110,none
75,75,cake05|cake03|cake04|cake07|cake01|cake06,cake06-24|cake01-25,28,2450|2450|7350,165|165|490,1100001111000011110000111111111111111111110000111100001111000011,none
76,76,cake02|cake03|cake06|cake01|cake07,cake03-25|cake06-24,28,2450|2450|7350,165|165|490,1111100011111100011111100011111100011111000011110000011100000011,none
77,77,cake08|cake06|cake02|cake05|cake01|cake04,cake01-25|cake08-24,28,2450|2450|7350,165|165|490,1111000011110000111100000000000000000000000011110000111100001111,none
78,78,cake08|cake05|cake01,cake05-35,4,1750|1750|5250,120|120|350,0111111011111111111111111111111111111111111111111111111101111110,none
79,79,cake03|cake01|cake02,cake03-50,4,2500|2500|7500,170|170|500,0001100000111100011111101111111111111111011111100011110000011000,none
80,80,cake04|cake08|cake05,cake08-50,6,2500|2500|7500,170|170|500,0011110000111100111111111111111111111111111111110011110000111100,none
81,81,cake02|cake01|cake08,cake02-25|cake01-24,6,2450|2450|7350,165|165|490,0011110001111110111111111110011111100111111111110111111000111100,none
82,82,cake05|cake03|cake08,cake05-24|cake03-25,6,2450|2450|7350,165|165|490,0111111000111100000110000001100000011000000110000011110001111110,none
83,83,cake06|cake03|cake04,cake06-25|cake03-25,6,2500|2500|7500,170|170|500,1100001111000011110000111111111111111111110000111100001111000011,none
84,84,cake06|cake03|cake04|cake01|cake07|cake02|cake08,cake01-29,17,1450|1450|4350,100|100|290,1111100011111100011111100011111100011111000011110000011100000011,none
85,85,cake08|cake04|cake02|cake01|cake06,cake01-16|cake02-16|cake06-16,27,2400|2400|7200,160|160|480,1111000011110000111100000000000000000000000011110000111100001111,none
86,86,cake05|cake02|cake01|cake03|cake08|cake06|cake07,cake03-16|cake07-16|cake05-16,27,2400|2400|7200,160|160|480,0111111011111111111111111111111111111111111111111111111101111110,none
87,87,cake01|cake04|cake07|cake05|cake06|cake02|cake08,cake07-16|cake06-16|cake02-16,27,2400|2400|7200,160|160|480,0001100000111100011111101111111111111111011111100011110000011000,none
88,88,cake03|cake04|cake02|cake06|cake07|cake01,cake02-50,28,2500|2500|7500,170|170|500,0011110000111100111111111111111111111111111111110011110000111100,none
89,89,cake05|cake01|cake07|cake06,cake05-50,28,2500|2500|7500,170|170|500,0011110001111110111111111110011111100111111111110111111000111100,none
90,90,cake02|cake07|cake06|cake08|cake05,cake08-50,28,2500|2500|7500,170|170|500,0111111000111100000110000001100000011000000110000011110001111110,none
91,91,cake05|cake01|cake04|cake02|cake07|cake08,cake04-50,28,2500|2500|7500,170|170|500,1100001111000011110000111111111111111111110000111100001111000011,none
92,92,cake05|cake03|cake06|cake01,cake03-50,28,2500|2500|7500,170|170|500,1111100011111100011111100011111100011111000011110000011100000011,none
93,93,cake01|cake02|cake06|cake05|cake03|cake08,cake08-50,28,2500|2500|7500,170|170|500,1111000011110000111100000000000000000000000011110000111100001111,none
94,94,cake04|cake07|cake06|cake03|cake05|cake01|cake08,cake04-50,28,2500|2500|7500,170|170|500,0111111011111111111111111111111111111111111111111111111101111110,none
95,95,cake01|cake06|cake03|cake05|cake02|cake08|cake07,cake08-24|cake01-25,28,2450|2450|7350,165|165|490,0001100000111100011111101111111111111111011111100011110000011000,none
96,96,cake05|cake01|cake07|cake08|cake06,cake05-25|cake01-24,28,2450|2450|7350,165|165|490,0011110000111100111111111111111111111111111111110011110000111100,none
97,97,cake03|cake01|cake02|cake08|cake04|cake05,cake02-25|cake04-24,28,2450|2450|7350,165|165|490,0011110001111110111111111110011111100111111111110111111000111100,none
98,98,cake01|cake02|cake03|cake07,cake02-24|cake07-25,28,2450|2450|7350,165|165|490,0111111000111100000110000001100000011000000110000011110001111110,none
99,99,cake04|cake01|cake03|cake02|cake07,cake03-24|cake04-25,28,2450|2450|7350,165|165|490,1100001111000011110000111111111111111111110000111100001111000011,none
100,100,cake01|cake02|cake07|cake08,cake01-24|cake08-25,28,2450|2450|7350,165|165|490,1111100011111100011111100011111100011111000011110000011100000011,none
101,101,cake06|cake04|cake03|cake05|cake02|cake01|cake07,cake04-16|cake06-17|cake03-16,28,2450|2450|7350,165|165|490,1111000011110000111100000000000000000000000011110000111100001111,none
102,102,cake07|cake04|cake06|cake05|cake02|cake03|cake01,cake01-16|cake03-16|cake02-17,28,2450|2450|7350,165|165|490,0111111011111111111111111111111111111111111111111111111101111110,none
103,103,cake01|cake05|cake02,cake01-32,4,1600|1600|4800,110|110|320,0001100000111100011111101111111111111111011111100011110000011000,none
104,104,cake03|cake01|cake02,cake01-47,4,2350|2350|7050,160|160|470,0011110000111100111111111111111111111111111111110011110000111100,none
105,105,cake03|cake06|cake01,cake03-50,4,2500|2500|7500,170|170|500,0011110001111110111111111110011111100111111111110111111000111100,none
106,106,cake08|cake05|cake01,cake08-50,4,2500|2500|7500,170|170|500,0111111000111100000110000001100000011000000110000011110001111110,none
107,107,cake02|cake03|cake01,cake02-50,4,2500|2500|7500,170|170|500,1100001111000011110000111111111111111111110000111100001111000011,none
108,108,cake07|cake05|cake01,cake07-50,4,2500|2500|7500,170|170|500,1111100011111100011111100011111100011111000011110000011100000011,none
109,109,cake03|cake05|cake01,cake05-50,4,2500|2500|7500,170|170|500,1111000011110000111100000000000000000000000011110000111100001111,none
110,110,cake02|cake04|cake01,cake04-50,4,2500|2500|7500,170|170|500,0111111011111111111111111111111111111111111111111111111101111110,none
111,111,cake04|cake06|cake05,cake06-38,6,1900|1900|5700,130|130|380,0001100000111100011111101111111111111111011111100011110000011000,none
112,112,cake03|cake04|cake01,cake04-50,6,2500|2500|7500,170|170|500,0011110000111100111111111111111111111111111111110011110000111100,none
113,113,cake05|cake02|cake04,cake05-50,6,2500|2500|7500,170|170|500,0011110001111110111111111110011111100111111111110111111000111100,none
114,114,cake06|cake04|cake08|cake03|cake02|cake01,cake03-16|cake02-16|cake06-16,27,2400|2400|7200,160|160|480,0111111000111100000110000001100000011000000110000011110001111110,none
115,115,cake07|cake06|cake03|cake08|cake05,cake06-16|cake05-16|cake03-16,27,2400|2400|7200,160|160|480,1100001111000011110000111111111111111111110000111100001111000011,none
116,116,cake01|cake07|cake08|cake06|cake03,cake06-16|cake08-16|cake01-16,27,2400|2400|7200,160|160|480,1111100011111100011111100011111100011111000011110000011100000011,none
117,117,cake05|cake07|cake03|cake01|cake04,cake03-16|cake04-16|cake01-16,27,2400|2400|7200,160|160|480,1111000011110000111100000000000000000000000011110000111100001111,none
118,118,cake08|cake01|cake02|cake07|cake05|cake06|cake04,cake02-16|cake01-16|cake04-16,27,2400|2400|7200,160|160|480,0111111011111111111111111111111111111111111111111111111101111110,none
119,119,cake01|cake04|cake05|cake07|cake06|cake03|cake02,cake06-16|cake02-16|cake05-16,27,2400|2400|7200,160|160|480,0001100000111100011111101111111111111111011111100011110000011000,none
120,120,cake06|cake05|cake02|cake03,cake02-50,28,2500|2500|7500,170|170|500,0011110000111100111111111111111111111111111111110011110000111100,none
121,121,cake02|cake06|cake05|cake04|cake03|cake01|cake08,cake08-50,28,2500|2500|7500,170|170|500,0011110001111110111111111110011111100111111111110111111000111100,none
122,122,cake02|cake06|cake05|cake04|cake08|cake01|cake03,cake08-50,28,2500|2500|7500,170|170|500,0111111000111100000110000001100000011000000110000011110001111110,none
123,123,cake04|cake03|cake02|cake01,cake01-50,28,2500|2500|7500,170|170|500,1100001111000011110000111111111111111111110000111100001111000011,none
124,124,cake06|cake07|cake02|cake08|cake01|cake03,cake07-26|cake01-23,28,2450|2450|7350,165|165|490,1111100011111100011111100011111100011111000011110000011100000011,none
125,125,cake02|cake06|cake07|cake01|cake08|cake05|cake03,cake01-24|cake06-25,28,2450|2450|7350,165|165|490,1111000011110000111100000000000000000000000011110000111100001111,none
126,126,cake04|cake01|cake02|cake05,cake04-24|cake01-25,28,2450|2450|7350,165|165|490,0111111011111111111111111111111111111111111111111111111101111110,none
127,127,cake08|cake07|cake05|cake02|cake06|cake01,cake02-25|cake05-25,28,2500|2500|7500,170|170|500,0001100000111100011111101111111111111111011111100011110000011000,none
128,128,cake08|cake06|cake01,cake06-27,4,1350|1350|4050,90|90|270,0011110000111100111111111111111111111111111111110011110000111100,none
129,129,cake01|cake05|cake02,cake01-50,4,2500|2500|7500,170|170|500,0011110001111110111111111110011111100111111111110111111000111100,none
130,130,cake02|cake04|cake05,cake04-50,6,2500|2500|7500,170|170|500,0111111000111100000110000001100000011000000110000011110001111110,none
131,131,cake04|cake01|cake07,cake01-50,6,2500|2500|7500,170|170|500,1100001111000011110000111111111111111111110000111100001111000011,none
132,132,cake01|cake07|cake05,cake05-50,6,2500|2500|7500,170|170|500,1111100011111100011111100011111100011111000011110000011100000011,none
133,133,cake02|cake06|cake04|cake05|cake03|cake01,cake04-40,23,2000|2000|6000,135|135|400,1111000011110000111100000000000000000000000011110000111100001111,none
134,134,cake04|cake05|cake07|cake02,cake04-48,27,2400|2400|7200,160|160|480,0111111011111111111111111111111111111111111111111111111101111110,none
135,135,cake03|cake04|cake01|cake07|cake06,cake07-15|cake03-16|cake01-17,27,2400|2400|7200,160|160|480,0001100000111100011111101111111111111111011111100011110000011000,none
136,136,cake07|cake03|cake05|cake04|cake01|cake06,cake05-16|cake04-16|cake06-16,27,2400|2400|7200,160|160|480,0011110000111100111111111111111111111111111111110011110000111100,none
137,137,cake07|cake05|cake02|cake06|cake03,cake02-16|cake07-16|cake03-16,27,2400|2400|7200,160|160|480,0011110001111110111111111110011111100111111111110111111000111100,none
138,138,cake01|cake05|cake07|cake02|cake04|cake08|cake06,cake05-50,28,2500|2500|7500,170|170|500,0111111000111100000110000001100000011000000110000011110001111110,none
139,139,cake04|cake03|cake02|cake01|cake07|cake06,cake04-50,28,2500|2500|7500,170|170|500,1100001111000011110000111111111111111111110000111100001111000011,none
140,140,cake06|cake08|cake02|cake03|cake01|cake04|cake05,cake03-50,28,2500|2500|7500,170|170|500,1111100011111100011111100011111100011111000011110000011100000011,none
141,141,cake04|cake03|cake06|cake08,cake08-50,28,2500|2500|7500,170|170|500,1111000011110000111100000000000000000000000011110000111100001111,none
142,142,cake08|cake04|cake05|cake02|cake01|cake03|cake07,cake08-25|cake03-24,28,2450|2450|7350,165|165|490,0111111011111111111111111111111111111111111111111111111101111110,none
143,143,cake05|cake03|cake08|cake06|cake01|cake07,cake01-24|cake07-25,28,2450|2450|7350,165|165|490,0001100000111100011111101111111111111111011111100011110000011000,none
144,144,cake02|cake04|cake01|cake08|cake07|cake05|cake03,cake05-25|cake04-24,28,2450|2450|7350,165|165|490,0011110000111100111111111111111111111111111111110011110000111100,none
145,145,cake01|cake04|cake02|cake05,cake04-25|cake05-24,28,2450|2450|7350,165|165|490,0011110001111110111111111110011111100111111111110111111000111100,none
146,146,cake04|cake02|cake05|cake07|cake06|cake01,cake05-25|cake04-24,28,2450|2450|7350,165|165|490,0111111000111100000110000001100000011000000110000011110001111110,none
147,147,cake04|cake08|cake02|cake05|cake01|cake06,cake08-25|cake04-24,28,2450|2450|7350,165|165|490,1100001111000011110000111111111111111111110000111100001111000011,none
148,148,cake08|cake04|cake03|cake06|cake05,cake05-25|cake08-24,28,2450|2450|7350,165|165|490,1111100011111100011111100011111100011111000011110000011100000011,none
149,149,cake01|cake04|cake02|cake06|cake08,cake06-24|cake01-25,28,2450|2450|7350,165|165|490,1111000011110000111100000000000000000000000011110000111100001111,none
150,150,cake08|cake01|cake03|cake04,cake04-25|cake08-25,28,2500|2500|7500,170|170|500,0111111011111111111111111111111111111111111111111111111101111110,none
151,151,cake04|cake06|cake07|cake08|cake03|cake05,cake06-16|cake05-17|cake03-16,28,2450|2450|7350,165|165|490,0001100000111100011111101111111111111111011111100011110000011000,none
152,152,cake04|cake01|cake02|cake03,cake03-16|cake01-17|cake02-16,28,2450|2450|7350,165|165|490,0011110000111100111111111111111111111111111111110011110000111100,none
153,153,cake02|cake05|cake01,cake02-50,4,2500|2500|7500,170|170|500,0011110001111110111111111110011111100111111111110111111000111100,none
154,154,cake04|cake03|cake01,cake04-50,4,2500|2500|7500,170|170|500,0111111000111100000110000001100000011000000110000011110001111110,none
155,155,cake06|cake01|cake02,cake06-50,4,2500|2500|7500,170|170|500,1100001111000011110000111111111111111111110000111100001111000011,none
156,156,cake07|cake06|cake03,cake07-50,6,2500|2500|7500,170|170|500,1111100011111100011111100011111100011111000011110000011100000011,none
157,157,cake01|cake04|cake06,cake04-25|cake01-25,6,2500|2500|7500,170|170|500,1111000011110000111100000000000000000000000011110000111100001111,none
158,158,cake06|cake08|cake01|cake05|cake04|cake03|cake07,cake05-33,19,1650|1650|4950,110|110|330,0111111011111111111111111111111111111111111111111111111101111110,none
159,159,cake07|cake05|cake02|cake06|cake08|cake04,cake06-35,20,1750|1750|5250,120|120|350,0001100000111100011111101111111111111111011111100011110000011000,none
160,160,cake05|cake07|cake03|cake02|cake06|cake04|cake08,cake07-16|cake02-16|cake06-16,27,2400|2400|7200,160|160|480,0011110000111100111111111111111111111111111111110011110000111100,none
161,161,cake06|cake07|cake04|cake03|cake05|cake01|cake02,cake02-16|cake04-16|cake01-16,27,2400|2400|7200,160|160|480,0011110001111110111111111110011111100111111111110111111000111100,none
162,162,cake03|cake07|cake06|cake02|cake08,cake03-16|cake08-16|cake06-16,27,2400|2400|7200,160|160|480,0111111000111100000110000001100000011000000110000011110001111110,none
163,163,cake01|cake03|cake08|cake06|cake05|cake07|cake04,cake03-16|cake07-16|cake01-16,27,2400|2400|7200,160|160|480,1100001111000011110000111111111111111111110000111100001111000011,none
164,164,cake04|cake01|cake05|cake07|cake06|cake08|cake02,cake02-50,28,2500|2500|7500,170|170|500,1111100011111100011111100011111100011111000011110000011100000011,none
165,165,cake03|cake06|cake04|cake01|cake02|cake07|cake08,cake04-50,28,2500|2500|7500,170|170|500,1111000011110000111100000000000000000000000011110000111100001111,none
166,166,cake07|cake08|cake04|cake03|cake06,cake07-50,28,2500|2500|7500,170|170|500,0111111011111111111111111111111111111111111111111111111101111110,none
167,167,cake08|cake03|cake01|cake07|cake04,cake08-50,28,2500|2500|7500,170|170|500,0001100000111100011111101111111111111111011111100011110000011000,none
168,168,cake05|cake01|cake08|cake06,cake08-50,28,2500|2500|7500,170|170|500,0011110000111100111111111111111111111111111111110011110000111100,none
169,169,cake07|cake08|cake02|cake04|cake05|cake03,cake04-25|cake05-24,28,2450|2450|7350,165|165|490,0011110001111110111111111110011111100111111111110111111000111100,none
170,170,cake03|cake06|cake05|cake07|cake02,cake06-25|cake07-24,28,2450|2450|7350,165|165|490,0111111000111100000110000001100000011000000110000011110001111110,none
171,171,cake06|cake02|cake07|cake05|cake08|cake01|cake04,cake05-25|cake06-24,28,2450|2450|7350,165|165|490,1100001111000011110000111111111111111111110000111100001111000011,none
172,172,cake02|cake01|cake08|cake03|cake06,cake08-25|cake03-24,28,2450|2450|7350,165|165|490,1111100011111100011111100011111100011111000011110000011100000011,none
173,173,cake01|cake07|cake03|cake02|cake04|cake05,cake04-25|cake07-24,28,2450|2450|7350,165|165|490,1111000011110000111100000000000000000000000011110000111100001111,none
174,174,cake05|cake01|cake02|cake03|cake07|cake06,cake05-24|cake07-25,28,2450|2450|7350,165|165|490,0111111011111111111111111111111111111111111111111111111101111110,none
175,175,cake01|cake06|cake05|cake03|cake04|cake07,cake01-25|cake06-25,28,2500|2500|7500,170|170|500,0001100000111100011111101111111111111111011111100011110000011000,none
176,176,cake08|cake06|cake05|cake01|cake04|cake02,cake05-17|cake06-15|cake01-17,28,2450|2450|7350,165|165|490,0011110000111100111111111111111111111111111111110011110000111100,none
177,177,cake03|cake02|cake05|cake08|cake01|cake06,cake05-17|cake06-16|cake03-16,28,2450|2450|7350,165|165|490,0011110001111110111111111110011111100111111111110111111000111100,none
178,178,cake08|cake03|cake01,cake03-41,4,2050|2050|6150,140|140|410,0111111000111100000110000001100000011000000110000011110001111110,none
179,179,cake01|cake05|cake02,cake05-49,4,2450|2450|7350,165|165|490,1100001111000011110000111111111111111111110000111100001111000011,none
180,180,cake08|cake06|cake01,cake06-50,4,2500|2500|7500,170|170|500,1111100011111100011111100011111100011111000011110000011100000011,none
181,181,cake03|cake07|cake01,cake07-50,4,2500|2500|7500,170|170|500,1111000011110000111100000000000000000000000011110000111100001111,none
182,182,cake05|cake08|cake01,cake08-50,4,2500|2500|7500,170|170|500,0111111011111111111111111111111111111111111111111111111101111110,none
183,183,cake06|cake02|cake01,cake06-50,4,2500|2500|7500,170|170|500,0001100000111100011111101111111111111111011111100011110000011000,none
184,184,cake05|cake02|cake01,cake02-50,4,2500|2500|7500,170|170|500,0011110000111100111111111111111111111111111111110011110000111100,none
185,185,cake05|cake02|cake01,cake02-50,4,2500|2500|7500,170|170|500,0011110001111110111111111110011111100111111111110111111000111100,none
186,186,cake01|cake07|cake02,cake07-50,4,2500|2500|7500,170|170|500,0111111000111100000110000001100000011000000110000011110001111110,none
187,187,cake05|cake08|cake02,cake02-29,6,1450|1450|4350,100|100|290,1100001111000011110000111111111111111111110000111100001111000011,none
188,188,cake01|cake07|cake06,cake01-50,6,2500|2500|7500,170|170|500,1111100011111100011111100011111100011111000011110000011100000011,none
189,189,cake03|cake06|cake04,cake03-25|cake06-24,6,2450|2450|7350,165|165|490,1111000011110000111100000000000000000000000011110000111100001111,none
190,190,cake03|cake04|cake02,cake04-25|cake03-24,6,2450|2450|7350,165|165|490,0111111011111111111111111111111111111111111111111111111101111110,none
191,191,cake08|cake02|cake06,cake08-24|cake02-25,6,2450|2450|7350,165|165|490,0001100000111100011111101111111111111111011111100011110000011000,none
192,192,cake04|cake03|cake06,cake03-24|cake06-25,6,2450|2450|7350,165|165|490,0011110000111100111111111111111111111111111111110011110000111100,none
193,193,cake01|cake08|cake06|cake07|cake03,cake07-15|cake06-17|cake08-16,27,2400|2400|7200,160|160|480,0011110001111110111111111110011111100111111111110111111000111100,none
194,194,cake04|cake08|cake06|cake01|cake05,cake05-16|cake08-16|cake06-16,27,2400|2400|7200,160|160|480,0111111000111100000110000001100000011000000110000011110001111110,none
195,195,cake01|cake03|cake05|cake06|cake07|cake02|cake08,cake06-50,28,2500|2500|7500,170|170|500,1100001111000011110000111111111111111111110000111100001111000011,none
196,196,cake02|cake05|cake07|cake01|cake06|cake08,cake06-50,28,2500|2500|7500,170|170|500,1111100011111100011111100011111100011111000011110000011100000011,none
197,197,cake08|cake06|cake01|cake02|cake04|cake05,cake04-50,28,2500|2500|7500,170|170|500,1111000011110000111100000000000000000000000011110000111100001111,none
198,198,cake08|cake05|cake04|cake06,cake06-50,28,2500|2500|7500,170|170|500,0111111011111111111111111111111111111111111111111111111101111110,none
199,199,cake06|cake02|cake03|cake08,cake06-25|cake08-24,28,2450|2450|7350,165|165|490,0001100000111100011111101111111111111111011111100011110000011000,none
200,200,cake01|cake04|cake03|cake02,cake02-25|cake04-24,28,2450|2450|7350,165|165|490,0011110000111100111111111111111111111111111111110011110000111100,none
201,201,cake04|cake08|cake05|cake03|cake02|cake06|cake01,cake03-17|cake06-17|cake05-15,28,2450|2450|7350,165|165|490,0011110001111110111111111110011111100111111111110111111000111100,none
202,202,cake01|cake04|cake02|cake07,cake04-16|cake07-17|cake02-16,28,2450|2450|7350,165|165|490,0111111000111100000110000001100000011000000110000011110001111110,none
203,203,cake08|cake01|cake02,cake08-32,4,1600|1600|4800,110|110|320,1100001111000011110000111111111111111111110000111100001111000011,none
204,204,cake02|cake04|cake01,cake04-50,4,2500|2500|7500,170|170|500,1111100011111100011111100011111100011111000011110000011100000011,none
205,205,cake06|cake07|cake01,cake06-50,4,2500|2500|7500,170|170|500,1111000011110000111100000000000000000000000011110000111100001111,none
206,206,cake01|cake05|cake02,cake05-50,4,2500|2500|7500,170|170|500,0111111011111111111111111111111111111111111111111111111101111110,none
207,207,cake01|cake04|cake07,cake01-50,6,2500|2500|7500,170|170|500,0001100000111100011111101111111111111111011111100011110000011000,none
208,208,cake02|cake07|cake08,cake08-50,6,2500|2500|7500,170|170|500,0011110000111100111111111111111111111111111111110011110000111100,none
209,209,cake01|cake02|cake04,cake02-25|cake01-24,6,2450|2450|7350,165|165|490,0011110001111110111111111110011111100111111111110111111000111100,none
210,210,cake08|cake07|cake06|cake04|cake02,cake07-44,25,2200|2200|6600,150|150|440,0111111000111100000110000001100000011000000110000011110001111110,none
211,211,cake01|cake08|cake04|cake06|cake02|cake03|cake07,cake08-15|cake03-17|cake07-16,27,2400|2400|7200,160|160|480,1100001111000011110000111111111111111111110000111100001111000011,none
212,212,cake05|cake01|cake02|cake03|cake07,cake02-16|cake03-16|cake07-16,27,2400|2400|7200,160|160|480,1111100011111100011111100011111100011111000011110000011100000011,none
213,213,cake04|cake02|cake08|cake07|cake03|cake01,cake08-16|cake02-16|cake07-16,27,2400|2400|7200,160|160|480,1111000011110000111100000000000000000000000011110000111100001111,none
214,214,cake07|cake03|cake05|cake04|cake01|cake06,cake06-50,28,2500|2500|7500,170|170|500,0111111011111111111111111111111111111111111111111111111101111110,none
215,215,cake06|cake08|cake05|cake02,cake05-50,28,2500|2500|7500,170|170|500,0001100000111100011111101111111111111111011111100011110000011000,none
216,216,cake07|cake03|cake06|cake04|cake01|cake02|cake05,cake04-50,28,2500|2500|7500,170|170|500,0011110000111100111111111111111111111111111111110011110000111100,none
217,217,cake08|cake03|cake02|cake06,cake02-25|cake08-24,28,2450|2450|7350,165|165|490,0011110001111110111111111110011111100111111111110111111000111100,none
218,218,cake03|cake02|cake04|cake06|cake08|cake01|cake05,cake03-24|cake01-25,28,2450|2450|7350,165|165|490,0111111000111100000110000001100000011000000110000011110001111110,none
219,219,cake02|cake05|cake04|cake08|cake03|cake06,cake03-24|cake06-25,28,2450|2450|7350,165|165|490,1100001111000011110000111111111111111111110000111100001111000011,none
220,220,cake05|cake04|cake06|cake08|cake02,cake06-24|cake05-25,28,2450|2450|7350,165|165|490,1111100011111100011111100011111100011111000011110000011100000011,none
221,221,cake08|cake02|cake04|cake06|cake01|cake05|cake03,cake03-25|cake04-24,28,2450|2450|7350,165|165|490,1111000011110000111100000000000000000000000011110000111100001111,none
222,222,cake05|cake01|cake07|cake03|cake08,cake01-25|cake05-25,28,2500|2500|7500,170|170|500,0111111011111111111111111111111111111111111111111111111101111110,none
223,223,cake02|cake07|cake04|cake01|cake06|cake08,cake01-25|cake04-25,28,2500|2500|7500,170|170|500,0001100000111100011111101111111111111111011111100011110000011000,none
224,224,cake05|cake06|cake07|cake04,cake04-17|cake06-16|cake05-16,28,2450|2450|7350,165|165|490,0011110000111100111111111111111111111111111111110011110000111100,none
225,225,cake07|cake03|cake02|cake08,cake08-16|cake03-16|cake02-17,28,2450|2450|7350,165|165|490,0011110001111110111111111110011111100111111111110111111000111100,none
226,226,cake07|cake01|cake02|cake08,cake01-16|cake02-16|cake07-17,28,2450|2450|7350,165|165|490,0111111000111100000110000001100000011000000110000011110001111110,none
227,227,cake03|cake08|cake06|cake01,cake03-17|cake08-16|cake01-16,28,2450|2450|7350,165|165|490,1100001111000011110000111111111111111111110000111100001111000011,none
228,228,cake08|cake02|cake01,cake02-50,4,2500|2500|7500,170|170|500,1111100011111100011111100011111100011111000011110000011100000011,none
229,229,cake06|cake01|cake02,cake06-50,4,2500|2500|7500,170|170|500,1111000011110000111100000000000000000000000011110000111100001111,none
230,230,cake08|cake02|cake05,cake05-41,6,2050|2050|6150,140|140|410,0111111011111111111111111111111111111111111111111111111101111110,none
231,231,cake01|cake05|cake06,cake01-25|cake05-24,6,2450|2450|7350,165|165|490,0001100000111100011111101111111111111111011111100011110000011000,none
232,232,cake06|cake04|cake08,cake06-24|cake08-25,6,2450|2450|7350,165|165|490,0011110000111100111111111111111111111111111111110011110000111100,none
233,233,cake07|cake08|cake06|cake01|cake02|cake03|cake04,cake07-26,15,1300|1300|3900,90|90|260,0011110001111110111111111110011111100111111111110111111000111100,none
234,234,cake07|cake06|cake04|cake03|cake02|cake01,cake04-16|cake06-16|cake02-16,27,2400|2400|7200,160|160|480,0111111000111100000110000001100000011000000110000011110001111110,none
235,235,cake02|cake04|cake07|cake05|cake08|cake06|cake03,cake03-16|cake02-16|cake08-16,27,2400|2400|7200,160|160|480,1100001111000011110000111111111111111111110000111100001111000011,none
236,236,cake07|cake01|cake03|cake06|cake05|cake04|cake08,cake08-16|cake05-16|cake04-16,27,2400|2400|7200,160|160|480,1111100011111100011111100011111100011111000011110000011100000011,none
237,237,cake01|cake08|cake02|cake07|cake03|cake04|cake06,cake07-50,28,2500|2500|7500,170|170|500,1111000011110000111100000000000000000000000011110000111100001111,none
238,238,cake05|cake02|cake04|cake06,cake06-50,28,2500|2500|7500,170|170|500,0111111011111111111111111111111111111111111111111111111101111110,none
239,239,cake08|cake05|cake03|cake06,cake05-50,28,2500|2500|7500,170|170|500,0001100000111100011111101111111111111111011111100011110000011000,none
240,240,cake02|cake04|cake01|cake07|cake06|cake08,cake08-50,28,2500|2500|7500,170|170|500,0011110000111100111111111111111111111111111111110011110000111100,none
241,241,cake03|cake08|cake05|cake07,cake05-50,28,2500|2500|7500,170|170|500,0011110001111110111111111110011111100111111111110111111000111100,none
242,242,cake05|cake01|cake07|cake03|cake08|cake06,cake07-50,28,2500|2500|7500,170|170|500,0111111000111100000110000001100000011000000110000011110001111110,none
243,243,cake07|cake06|cake01|cake08|cake05,cake05-50,28,2500|2500|7500,170|170|500,1100001111000011110000111111111111111111110000111100001111000011,none
244,244,cake01|cake05|cake04|cake03|cake07,cake03-50,28,2500|2500|7500,170|170|500,1111100011111100011111100011111100011111000011110000011100000011,none
245,245,cake07|cake03|cake08|cake02,cake07-23|cake08-26,28,2450|2450|7350,165|165|490,1111000011110000111100000000000000000000000011110000111100001111,none
246,246,cake07|cake04|cake02|cake03|cake05|cake08|cake06,cake04-24|cake07-25,28,2450|2450|7350,165|165|490,0111111011111111111111111111111111111111111111111111111101111110,none
247,247,cake02|cake07|cake06|cake01|cake04,cake06-25|cake02-24,28,2450|2450|7350,165|165|490,0001100000111100011111101111111111111111011111100011110000011000,none
248,248,cake04|cake05|cake03|cake07|cake08|cake06,cake07-25|cake08-24,28,2450|2450|7350,165|165|490,0011110000111100111111111111111111111111111111110011110000111100,none
249,249,cake07|cake05|cake06|cake03|cake08|cake02,cake05-25|cake06-24,28,2450|2450|7350,165|165|490,0011110001111110111111111110011111100111111111110111111000111100,none
250,250,cake08|cake02|cake05|cake04,cake02-24|cake08-25,28,2450|2450|7350,165|165|490,0111111000111100000110000001100000011000000110000011110001111110,none
251,251,cake05|cake04|cake07|cake08,cake08-25|cake04-25,28,2500|2500|7500,170|170|500,1100001111000011110000111111111111111111110000111100001111000011,none
252,252,cake06|cake03|cake07|cake01|cake05|cake02|cake04,cake06-15|cake04-17|cake05-17,28,2450|2450|7350,165|165|490,1111100011111100011111100011111100011111000011110000011100000011,none
253,253,cake01|cake06|cake02,cake06-29,4,1450|1450|4350,100|100|290,1111000011110000111100000000000000000000000011110000111100001111,none
254,254,cake02|cake03|cake01,cake03-48,4,2400|2400|7200,160|160|480,0111111011111111111111111111111111111111111111111111111101111110,none
255,255,cake04|cake07|cake01,cake04-49,4,2450|2450|7350,165|165|490,0001100000111100011111101111111111111111011111100011110000011000,none
256,256,cake05|cake06|cake01,cake05-50,4,2500|2500|7500,170|170|500,0011110000111100111111111111111111111111111111110011110000111100,none
257,257,cake07|cake08|cake01,cake08-50,4,2500|2500|7500,170|170|500,0011110001111110111111111110011111100111111111110111111000111100,none
258,258,cake06|cake07|cake01,cake06-50,4,2500|2500|7500,170|170|500,0111111000111100000110000001100000011000000110000011110001111110,none
259,259,cake07|cake08|cake01,cake07-50,4,2500|2500|7500,170|170|500,1100001111000011110000111111111111111111110000111100001111000011,none
260,260,cake06|cake08|cake01,cake06-50,4,2500|2500|7500,170|170|500,1111100011111100011111100011111100011111000011110000011100000011,none
261,261,cake03|cake01|cake02,cake01-50,4,2500|2500|7500,170|170|500,1111000011110000111100000000000000000000000011110000111100001111,none
262,262,cake04|cake02|cake01,cake01-50,6,2500|2500|7500,170|170|500,0111111011111111111111111111111111111111111111111111111101111110,none
263,263,cake02|cake04|cake03,cake02-25|cake03-24,6,2450|2450|7350,165|165|490,0001100000111100011111101111111111111111011111100011110000011000,none
264,264,cake04|cake02|cake06|cake03,cake06-16|cake03-16|cake04-16,27,2400|2400|7200,160|160|480,0011110000111100111111111111111111111111111111110011110000111100,none
265,265,cake07|cake05|cake08|cake03,cake08-16|cake03-16|cake07-16,27,2400|2400|7200,160|160|480,0011110001111110111111111110011111100111111111110111111000111100,none
266,266,cake07|cake01|cake03|cake06|cake04|cake08,cake07-16|cake01-16|cake04-16,27,2400|2400|7200,160|160|480,0111111000111100000110000001100000011000000110000011110001111110,none
267,267,cake07|cake04|cake03|cake06|cake05|cake01|cake02,cake03-16|cake01-16|cake06-16,27,2400|2400|7200,160|160|480,1100001111000011110000111111111111111111110000111100001111000011,none
268,268,cake05|cake06|cake03|cake01|cake04|cake07|cake02,cake03-16|cake01-16|cake02-16,27,2400|2400|7200,160|160|480,1111100011111100011111100011111100011111000011110000011100000011,none
269,269,cake04|cake03|cake02|cake01|cake07|cake05,cake04-50,28,2500|2500|7500,170|170|500,1111000011110000111100000000000000000000000011110000111100001111,none
270,270,cake06|cake05|cake07|cake01|cake03|cake08,cake06-50,28,2500|2500|7500,170|170|500,0111111011111111111111111111111111111111111111111111111101111110,none
271,271,cake03|cake06|cake05|cake01,cake05-50,28,2500|2500|7500,170|170|500,0001100000111100011111101111111111111111011111100011110000011000,none
272,272,cake04|cake07|cake01|cake03,cake04-50,28,2500|2500|7500,170|170|500,0011110000111100111111111111111111111111111111110011110000111100,none
273,273,cake01|cake03|cake06|cake05,cake06-50,28,2500|2500|7500,170|170|500,0011110001111110111111111110011111100111111111110111111000111100,none
274,274,cake06|cake04|cake01|cake07,cake07-50,28,2500|2500|7500,170|170|500,0111111000111100000110000001100000011000000110000011110001111110,none
275,275,cake06|cake07|cake08|cake04|cake02|cake05,cake06-25|cake08-24,28,2450|2450|7350,165|165|490,1100001111000011110000111111111111111111110000111100001111000011,none
276,276,cake01|cake06|cake07|cake04|cake05|cake08,cake01-24|cake04-25,28,2450|2450|7350,165|165|490,1111100011111100011111100011111100011111000011110000011100000011,none
277,277,cake07|cake05|cake04|cake06|cake02|cake08,cake07-17|cake06-16|cake05-16,28,2450|2450|7350,165|165|490,1111000011110000111100000000000000000000000011110000111100001111,none
278,278,cake03|cake01|cake02,cake03-50,4,2500|2500|7500,170|170|500,0111111011111111111111111111111111111111111111111111111101111110,none
279,279,cake02|cake04|cake01,cake04-50,4,2500|2500|7500,170|170|500,0001100000111100011111101111111111111111011111100011110000011000,none
280,280,cake07|cake01|cake02,cake01-50,4,2500|2500|7500,170|170|500,0011110000111100111111111111111111111111111111110011110000111100,none
281,281,cake06|cake03|cake01,cake03-50,4,2500|2500|7500,170|170|500,0011110001111110111111111110011111100111111111110111111000111100,none
282,282,cake01|cake06|cake02,cake01-50,4,2500|2500|7500,170|170|500,0111111000111100000110000001100000011000000110000011110001111110,none
283,283,cake08|cake05|cake03,cake05-48,6,2400|2400|7200,160|160|480,1100001111000011110000111111111111111111110000111100001111000011,none
284,284,cake04|cake03|cake05,cake04-50,6,2500|2500|7500,170|170|500,1111100011111100011111100011111100011111000011110000011100000011,none
285,285,cake03|cake04|cake02,cake04-25|cake02-24,6,2450|2450|7350,165|165|490,1111000011110000111100000000000000000000000011110000111100001111,none
286,286,cake05|cake04|cake06,cake05-25|cake06-25,6,2500|2500|7500,170|170|500,0111111011111111111111111111111111111111111111111111111101111110,none
287,287,cake04|cake02|cake06|cake01|cake03,cake03-16|cake04-16|cake01-16,27,2400|2400|7200,160|160|480,0001100000111100011111101111111111111111011111100011110000011000,none
288,288,cake05|cake01|cake02|cake08|cake03|cake07|cake04,cake02-16|cake08-16|cake07-16,27,2400|2400|7200,160|160|480,0011110000111100111111111111111111111111111111110011110000111100,none
289,289,cake07|cake01|cake05|cake06|cake04|cake08,cake08-50,28,2500|2500|7500,170|170|500,0011110001111110111111111110011111100111111111110111111000111100,none
290,290,cake04|cake07|cake01|cake02|cake08|cake03,cake01-50,28,2500|2500|7500,170|170|500,0111111000111100000110000001100000011000000110000011110001111110,none
291,291,cake08|cake07|cake01|cake06,cake07-50,28,2500|2500|7500,170|170|500,1100001111000011110000111111111111111111110000111100001111000011,none
292,292,cake06|cake03|cake07|cake02|cake05|cake04,cake03-24|cake04-25,28,2450|2450|7350,165|165|490,1111100011111100011111100011111100011111000011110000011100000011,none
293,293,cake07|cake08|cake01|cake06|cake04|cake05|cake02,cake06-24|cake04-25,28,2450|2450|7350,165|165|490,1111000011110000111100000000000000000000000011110000111100001111,none
294,294,cake05|cake02|cake06|cake03,cake05-25|cake02-24,28,2450|2450|7350,165|165|490,0111111011111111111111111111111111111111111111111111111101111110,none
295,295,cake02|cake01|cake08|cake04|cake03|cake05|cake07,cake04-24|cake08-25,28,2450|2450|7350,165|165|490,0001100000111100011111101111111111111111011111100011110000011000,none
296,296,cake06|cake02|cake07|cake04|cake08|cake05,cake04-24|cake05-25,28,2450|2450|7350,165|165|490,0011110000111100111111111111111111111111111111110011110000111100,none
297,297,cake08|cake01|cake04|cake06|cake07|cake05,cake01-25|cake04-24,28,2450|2450|7350,165|165|490,0011110001111110111111111110011111100111111111110111111000111100,none
298,298,cake06|cake05|cake08|cake01|cake07,cake06-25|cake05-25,28,2500|2500|7500,170|170|500,0111111000111100000110000001100000011000000110000011110001111110,none
299,299,cake02|cake03|cake07|cake08,cake03-16|cake08-16|cake02-17,28,2450|2450|7350,165|165|490,1100001111000011110000111111111111111111110000111100001111000011,none
300,300,cake08|cake07|cake06|cake05,cake05-16|cake07-16|cake08-17,28,2450|2450|7350,165|165|490,1111100011111100011111100011111100011111000011110000011100000011,none
301,301,cake01|cake04|cake08|cake02|cake06|cake03|cake05,cake08-16|cake05-17|cake04-16,28,2450|2450|7350,165|165|490,1111000011110000111100000000000000000000000011110000111100001111,none
302,302,cake03|cake08|cake07|cake06|cake05,cake05-16|cake08-16|cake06-17,28,2450|2450|7350,165|165|490,0111111011111111111111111111111111111111111111111111111101111110,none
303,303,cake04|cake01|cake02,cake04-49,4,2450|2450|7350,165|165|490,0001100000111100011111101111111111111111011111100011110000011000,none
304,304,cake08|cake02|cake01,cake08-50,4,2500|2500|7500,170|170|500,0011110000111100111111111111111111111111111111110011110000111100,none
305,305,cake07|cake02|cake01,cake02-50,4,2500|2500|7500,170|170|500,0011110001111110111111111110011111100111111111110111111000111100,none
306,306,cake06|cake08|cake02,cake06-41,6,2050|2050|6150,140|140|410,0111111000111100000110000001100000011000000110000011110001111110,none
307,307,cake02|cake04|cake01,cake04-50,6,2500|2500|7500,170|170|500,1100001111000011110000111111111111111111110000111100001111000011,none
308,308,cake08|cake06|cake03,cake06-50,6,2500|2500|7500,170|170|500,1111100011111100011111100011111100011111000011110000011100000011,none
309,309,cake06|cake05|cake02,cake02-50,6,2500|2500|7500,170|170|500,1111000011110000111100000000000000000000000011110000111100001111,none
310,310,cake06|cake08|cake02,cake06-25|cake02-24,6,2450|2450|7350,165|165|490,0111111011111111111111111111111111111111111111111111111101111110,none
311,311,cake07|cake05|cake03,cake03-25|cake07-25,6,2500|2500|7500,170|170|500,0001100000111100011111101111111111111111011111100011110000011000,none
312,312,cake04|cake02|cake01|cake05|cake06|cake08,cake08-15|cake04-16|cake05-17,27,2400|2400|7200,160|160|480,0011110000111100111111111111111111111111111111110011110000111100,none
313,313,cake01|cake07|cake02|cake08|cake03,cake08-16|cake02-16|cake07-16,27,2400|2400|7200,160|160|480,0011110001111110111111111110011111100111111111110111111000111100,none
314,314,cake03|cake01|cake05|cake04|cake06,cake04-16|cake05-16|cake01-16,27,2400|2400|7200,160|160|480,0111111000111100000110000001100000011000000110000011110001111110,none
315,315,cake06|cake05|cake02|cake04|cake03,cake05-49,28,2450|2450|7350,165|165|490,1100001111000011110000111111111111111111110000111100001111000011,none
316,316,cake03|cake08|cake06|cake02|cake04|cake01|cake07,cake02-50,28,2500|2500|7500,170|170|500,1111100011111100011111100011111100011111000011110000011100000011,none
317,317,cake08|cake03|cake05|cake06|cake07,cake08-50,28,2500|2500|7500,170|170|500,1111000011110000111100000000000000000000000011110000111100001111,none
318,318,cake05|cake03|cake04|cake02|cake01|cake08,cake04-50,28,2500|2500|7500,170|170|500,0111111011111111111111111111111111111111111111111111111101111110,none
319,319,cake06|cake01|cake07|cake04,cake01-50,28,2500|2500|7500,170|170|500,0001100000111100011111101111111111111111011111100011110000011000,none
320,320,cake07|cake05|cake06|cake04|cake08|cake02,cake04-50,28,2500|2500|7500,170|170|500,0011110000111100111111111111111111111111111111110011110000111100,none
321,321,cake02|cake01|cake04|cake06|cake03,cake04-50,28,2500|2500|7500,170|170|500,0011110001111110111111111110011111100111111111110111111000111100,none
322,322,cake07|cake01|cake03|cake08|cake04,cake01-50,28,2500|2500|7500,170|170|500,0111111000111100000110000001100000011000000110000011110001111110,none
323,323,cake02|cake05|cake07|cake08|cake06,cake07-25|cake02-24,28,2450|2450|7350,165|165|490,1100001111000011110000111111111111111111110000111100001111000011,none
324,324,cake06|cake05|cake04|cake03|cake08|cake02|cake07,cake05-24|cake08-25,28,2450|2450|7350,165|165|490,1111100011111100011111100011111100011111000011110000011100000011,none
325,325,cake02|cake03|cake07|cake08|cake01,cake03-25|cake07-25,28,2500|2500|7500,170|170|500,1111000011110000111100000000000000000000000011110000111100001111,none
326,326,cake03|cake08|cake02|cake04|cake06,cake06-16|cake02-17|cake03-16,28,2450|2450|7350,165|165|490,0111111011111111111111111111111111111111111111111111111101111110,none
327,327,cake02|cake08|cake01|cake06|cake04|cake03|cake05,cake03-16|cake04-16|cake05-17,28,2450|2450|7350,165|165|490,0001100000111100011111101111111111111111011111100011110000011000,none
328,328,cake08|cake03|cake01,cake08-50,4,2500|2500|7500,170|170|500,0011110000111100111111111111111111111111111111110011110000111100,none
329,329,cake06|cake03|cake01,cake06-50,4,2500|2500|7500,170|170|500,0011110001111110111111111110011111100111111111110111111000111100,none
330,330,cake01|cake05|cake02,cake05-50,4,2500|2500|7500,170|170|500,0111111000111100000110000001100000011000000110000011110001111110,none
331,331,cake01|cake05|cake02,cake01-50,4,2500|2500|7500,170|170|500,1100001111000011110000111111111111111111110000111100001111000011,none
332,332,cake08|cake07|cake05,cake07-25|cake05-24,6,2450|2450|7350,165|165|490,1111100011111100011111100011111100011111000011110000011100000011,none
333,333,cake05|cake01|cake08,cake05-25|cake01-25,6,2500|2500|7500,170|170|500,1111000011110000111100000000000000000000000011110000111100001111,none
334,334,cake02|cake01|cake08|cake06|cake04|cake07,cake02-16|cake04-16|cake01-16,27,2400|2400|7200,160|160|480,0111111011111111111111111111111111111111111111111111111101111110,none
335,335,cake05|cake06|cake02|cake07,cake02-16|cake06-16|cake07-16,27,2400|2400|7200,160|160|480,0001100000111100011111101111111111111111011111100011110000011000,none
336,336,cake03|cake05|cake06|cake04|cake08,cake03-16|cake08-16|cake05-16,27,2400|2400|7200,160|160|480,0011110000111100111111111111111111111111111111110011110000111100,none
337,337,cake08|cake04|cake07|cake01|cake06|cake02|cake05,cake01-16|cake02-16|cake08-16,27,2400|2400|7200,160|160|480,0011110001111110111111111110011111100111111111110111111000111100,none
338,338,cake03|cake05|cake07|cake08|cake01|cake06,cake03-50,28,2500|2500|7500,170|170|500,0111111000111100000110000001100000011000000110000011110001111110,none
339,339,cake04|cake08|cake03|cake07|cake01|cake02,cake01-50,28,2500|2500|7500,170|170|500,1100001111000011110000111111111111111111110000111100001111000011,none
340,340,cake02|cake05|cake01|cake03|cake07|cake08|cake04,cake07-50,28,2500|2500|7500,170|170|500,1111100011111100011111100011111100011111000011110000011100000011,none
341,341,cake01|cake05|cake02|cake04|cake08|cake03,cake02-50,28,2500|2500|7500,170|170|500,1111000011110000111100000000000000000000000011110000111100001111,none
342,342,cake03|cake06|cake05|cake08|cake04|cake07,cake03-50,28,2500|2500|7500,170|170|500,0111111011111111111111111111111111111111111111111111111101111110,none
343,343,cake07|cake02|cake05|cake01|cake08|cake04|cake03,cake05-50,28,2500|2500|7500,170|170|500,0001100000111100011111101111111111111111011111100011110000011000,none
344,344,cake03|cake04|cake02|cake05|cake08|cake01|cake07,cake05-24|cake04-25,28,2450|2450|7350,165|165|490,0011110000111100111111111111111111111111111111110011110000111100,none
345,345,cake07|cake01|cake03|cake05,cake05-25|cake01-24,28,2450|2450|7350,165|165|490,0011110001111110111111111110011111100111111111110111111000111100,none
346,346,cake05|cake01|cake06|cake02|cake07|cake04,cake02-24|cake06-25,28,2450|2450|7350,165|165|490,0111111000111100000110000001100000011000000110000011110001111110,none
347,347,cake01|cake08|cake07|cake05|cake03,cake08-24|cake01-25,28,2450|2450|7350,165|165|490,1100001111000011110000111111111111111111110000111100001111000011,none
348,348,cake02|cake08|cake03|cake04|cake01|cake06,cake02-25|cake03-24,28,2450|2450|7350,165|165|490,1111100011111100011111100011111100011111000011110000011100000011,none
349,349,cake02|cake06|cake05|cake07|cake03,cake05-25|cake07-25,28,2500|2500|7500,170|170|500,1111000011110000111100000000000000000000000011110000111100001111,none
350,350,cake06|cake05|cake07|cake03|cake02|cake01|cake08,cake06-25|cake02-25,28,2500|2500|7500,170|170|500,0111111011111111111111111111111111111111111111111111111101111110,none
351,351,cake07|cake02|cake01|cake05|cake06,cake05-17|cake02-15|cake07-17,28,2450|2450|7350,165|165|490,0001100000111100011111101111111111111111011111100011110000011000,none
352,352,cake02|cake05|cake03|cake07,cake02-17|cake07-16|cake05-16,28,2450|2450|7350,165|165|490,0011110000111100111111111111111111111111111111110011110000111100,none
353,353,cake04|cake02|cake01,cake02-29,4,1450|1450|4350,100|100|290,0011110001111110111111111110011111100111111111110111111000111100,none
354,354,cake01|cake06|cake02,cake01-42,4,2100|2100|6300,140|140|420,0111111000111100000110000001100000011000000110000011110001111110,none
355,355,cake07|cake02|cake01,cake02-50,4,2500|2500|7500,170|170|500,1100001111000011110000111111111111111111110000111100001111000011,none
356,356,cake08|cake04|cake01,cake01-49,6,2450|2450|7350,165|165|490,1111100011111100011111100011111100011111000011110000011100000011,none
357,357,cake03|cake06|cake01,cake01-24|cake03-25,6,2450|2450|7350,165|165|490,1111000011110000111100000000000000000000000011110000111100001111,none
358,358,cake06|cake05|cake03,cake03-24|cake05-25,6,2450|2450|7350,165|165|490,0111111011111111111111111111111111111111111111111111111101111110,none
359,359,cake02|cake08|cake04|cake03|cake01|cake06,cake03-16|cake06-16|cake08-16,27,2400|2400|7200,160|160|480,0001100000111100011111101111111111111111011111100011110000011000,none
360,360,cake07|cake01|cake02|cake03,cake07-16|cake02-16|cake03-16,27,2400|2400|7200,160|160|480,0011110000111100111111111111111111111111111111110011110000111100,none
361,361,cake03|cake06|cake04|cake02|cake05|cake01|cake08,cake02-16|cake04-16|cake01-16,27,2400|2400|7200,160|160|480,0011110001111110111111111110011111100111111111110111111000111100,none
362,362,cake07|cake02|cake01|cake04,cake02-16|cake07-16|cake01-16,27,2400|2400|7200,160|160|480,0111111000111100000110000001100000011000000110000011110001111110,none
363,363,cake07|cake02|cake03|cake04|cake08|cake06,cake02-16|cake08-16|cake03-16,27,2400|2400|7200,160|160|480,1100001111000011110000111111111111111111110000111100001111000011,none
364,364,cake01|cake05|cake06|cake07|cake02|cake03,cake02-50,28,2500|2500|7500,170|170|500,1111100011111100011111100011111100011111000011110000011100000011,none
365,365,cake06|cake05|cake08|cake02|cake07|cake01|cake03,cake07-50,28,2500|2500|7500,170|170|500,1111000011110000111100000000000000000000000011110000111100001111,none
366,366,cake01|cake03|cake05|cake02|cake07|cake08|cake04,cake01-50,28,2500|2500|7500,170|170|500,0111111011111111111111111111111111111111111111111111111101111110,none
367,367,cake02|cake03|cake01|cake05|cake04|cake08,cake08-50,28,2500|2500|7500,170|170|500,0001100000111100011111101111111111111111011111100011110000011000,none
368,368,cake03|cake08|cake01|cake02,cake02-50,28,2500|2500|7500,170|170|500,0011110000111100111111111111111111111111111111110011110000111100,none
369,369,cake02|cake08|cake03|cake04,cake02-50,28,2500|2500|7500,170|170|500,0011110001111110111111111110011111100111111111110111111000111100,none
370,370,cake01|cake08|cake05|cake06,cake01-50,28,2500|2500|7500,170|170|500,0111111000111100000110000001100000011000000110000011110001111110,none
371,371,cake03|cake05|cake02|cake04|cake08|cake07,cake04-50,28,2500|2500|7500,170|170|500,1100001111000011110000111111111111111111110000111100001111000011,none
372,372,cake06|cake04|cake03|cake08,cake08-50,28,2500|2500|7500,170|170|500,1111100011111100011111100011111100011111000011110000011100000011,none
373,373,cake07|cake01|cake02|cake04|cake03|cake05,cake05-25|cake04-24,28,2450|2450|7350,165|165|490,1111000011110000111100000000000000000000000011110000111100001111,none
374,374,cake02|cake04|cake01|cake07|cake03,cake04-25|cake02-24,28,2450|2450|7350,165|165|490,0111111011111111111111111111111111111111111111111111111101111110,none
375,375,cake07|cake05|cake06|cake08,cake05-25|cake07-25,28,2500|2500|7500,170|170|500,0001100000111100011111101111111111111111011111100011110000011000,none
376,376,cake06|cake02|cake07|cake08|cake03|cake05|cake01,cake06-25|cake02-25,28,2500|2500|7500,170|170|500,0011110000111100111111111111111111111111111111110011110000111100,none
377,377,cake06|cake02|cake03|cake08|cake07|cake04,cake07-17|cake03-16|cake02-16,28,2450|2450|7350,165|165|490,0011110001111110111111111110011111100111111111110111111000111100,none
378,378,cake02|cake08|cake01,cake08-50,4,2500|2500|7500,170|170|500,0111111000111100000110000001100000011000000110000011110001111110,none
379,379,cake05|cake08|cake01,cake08-50,4,2500|2500|7500,170|170|500,1100001111000011110000111111111111111111110000111100001111000011,none
380,380,cake04|cake07|cake01,cake07-50,4,2500|2500|7500,170|170|500,1111100011111100011111100011111100011111000011110000011100000011,none
381,381,cake02|cake07|cake03,cake07-49,6,2450|2450|7350,165|165|490,1111000011110000111100000000000000000000000011110000111100001111,none
382,382,cake03|cake01|cake02,cake03-50,6,2500|2500|7500,170|170|500,0111111011111111111111111111111111111111111111111111111101111110,none
383,383,cake06|cake02|cake01,cake02-50,6,2500|2500|7500,170|170|500,0001100000111100011111101111111111111111011111100011110000011000,none
384,384,cake08|cake03|cake06,cake06-25|cake03-25,6,2500|2500|7500,170|170|500,0011110000111100111111111111111111111111111111110011110000111100,none
385,385,cake07|cake08|cake03|cake05|cake02|cake01|cake04,cake03-26,15,1300|1300|3900,90|90|260,0011110001111110111111111110011111100111111111110111111000111100,none
386,386,cake06|cake02|cake03|cake08|cake04,cake04-37,21,1850|1850|5550,125|125|370,0111111000111100000110000001100000011000000110000011110001111110,none
387,387,cake08|cake06|cake02|cake04|cake03|cake07,cake06-45,25,2250|2250|6750,150|150|450,1100001111000011110000111111111111111111110000111100001111000011,none
388,388,cake05|cake07|cake02|cake01|cake04|cake08|cake06,cake08-16|cake01-16|cake04-16,27,2400|2400|7200,160|160|480,1111100011111100011111100011111100011111000011110000011100000011,none
389,389,cake02|cake06|cake04|cake05|cake08|cake01,cake04-16|cake06-16|cake05-16,27,2400|2400|7200,160|160|480,1111000011110000111100000000000000000000000011110000111100001111,none
390,390,cake08|cake01|cake06|cake02|cake03,cake01-16|cake02-16|cake06-16,27,2400|2400|7200,160|160|480,0111111011111111111111111111111111111111111111111111111101111110,none
391,391,cake08|cake02|cake06|cake05|cake01|cake04,cake05-16|cake06-16|cake08-16,27,2400|2400|7200,160|160|480,0001100000111100011111101111111111111111011111100011110000011000,none
392,392,cake01|cake03|cake06|cake07|cake02|cake08|cake05,cake03-16|cake07-16|cake02-16,27,2400|2400|7200,160|160|480,0011110000111100111111111111111111111111111111110011110000111100,none
393,393,cake01|cake03|cake06|cake05|cake08|cake07,cake03-16|cake07-16|cake01-16,27,2400|2400|7200,160|160|480,0011110001111110111111111110011111100111111111110111111000111100,none
394,394,cake06|cake02|cake04|cake03|cake08,cake02-16|cake04-16|cake03-16,27,2400|2400|7200,160|160|480,0111111000111100000110000001100000011000000110000011110001111110,none
395,395,cake07|cake02|cake03|cake01|cake06|cake08|cake05,cake05-16|cake06-16|cake03-16,27,2400|2400|7200,160|160|480,1100001111000011110000111111111111111111110000111100001111000011,none
396,396,cake08|cake04|cake01|cake07|cake05,cake08-50,28,2500|2500|7500,170|170|500,1111100011111100011111100011111100011111000011110000011100000011,none
397,397,cake05|cake03|cake07|cake08,cake08-50,28,2500|2500|7500,170|170|500,1111000011110000111100000000000000000000000011110000111100001111,none
398,398,cake06|cake04|cake07|cake05|cake02|cake08|cake03,cake04-50,28,2500|2500|7500,170|170|500,0111111011111111111111111111111111111111111111111111111101111110,none
399,399,cake05|cake01|cake08|cake03|cake04|cake07,cake04-50,28,2500|2500|7500,170|170|500,0001100000111100011111101111111111111111011111100011110000011000,none
400,400,cake01|cake02|cake04|cake06,cake02-24|cake06-25,28,2450|2450|7350,165|165|490,0011110000111100111111111111111111111111111111110011110000111100,none
401,401,cake01|cake06|cake03|cake02,cake03-25|cake06-24,28,2450|2450|7350,165|165|490,0011110001111110111111111110011111100111111111110111111000111100,none
402,402,cake03|cake07|cake06|cake05|cake02,cake03-16|cake02-17|cake05-16,28,2450|2450|7350,165|165|490,0111111000111100000110000001100000011000000110000011110001111110,none
403,403,cake01|cake05|cake02,cake01-50,4,2500|2500|7500,170|170|500,1100001111000011110000111111111111111111110000111100001111000011,none
404,404,cake08|cake03|cake01,cake08-50,4,2500|2500|7500,170|170|500,1111100011111100011111100011111100011111000011110000011100000011,none
405,405,cake04|cake08|cake01,cake08-50,4,2500|2500|7500,170|170|500,1111000011110000111100000000000000000000000011110000111100001111,none
406,406,cake06|cake04|cake01,cake06-50,4,2500|2500|7500,170|170|500,0111111011111111111111111111111111111111111111111111111101111110,none
407,407,cake01|cake03|cake05,cake03-25,6,1250|1250|3750,85|85|250,0001100000111100011111101111111111111111011111100011110000011000,none
408,408,cake05|cake03|cake04,cake03-50,6,2500|2500|7500,170|170|500,0011110000111100111111111111111111111111111111110011110000111100,none
409,409,cake04|cake08|cake02,cake04-50,6,2500|2500|7500,170|170|500,0011110001111110111111111110011111100111111111110111111000111100,none
410,410,cake01|cake07|cake02,cake02-50,6,2500|2500|7500,170|170|500,0111111000111100000110000001100000011000000110000011110001111110,none
411,411,cake05|cake08|cake07,cake08-24|cake07-25,6,2450|2450|7350,165|165|490,1100001111000011110000111111111111111111110000111100001111000011,none
412,412,cake05|cake06|cake08,cake06-24|cake08-25,6,2450|2450|7350,165|165|490,1111100011111100011111100011111100011111000011110000011100000011,none
413,413,cake02|cake08|cake07,cake02-25|cake08-24,6,2450|2450|7350,165|165|490,1111000011110000111100000000000000000000000011110000111100001111,none
414,414,cake06|cake05|cake02|cake04,cake04-33,19,1650|1650|4950,110|110|330,0111111011111111111111111111111111111111111111111111111101111110,none
415,415,cake05|cake07|cake08|cake04|cake02|cake03|cake06,cake03-17|cake07-15|cake02-16,27,2400|2400|7200,160|160|480,0001100000111100011111101111111111111111011111100011110000011000,none
416,416,cake08|cake05|cake07|cake03,cake05-50,28,2500|2500|7500,170|170|500,0011110000111100111111111111111111111111111111110011110000111100,none
417,417,cake01|cake04|cake07|cake02|cake08,cake07-50,28,2500|2500|7500,170|170|500,0011110001111110111111111110011111100111111111110111111000111100,none
418,418,cake03|cake05|cake07|cake08,cake03-50,28,2500|2500|7500,170|170|500,0111111000111100000110000001100000011000000110000011110001111110,none
419,419,cake02|cake05|cake01|cake04,cake05-50,28,2500|2500|7500,170|170|500,1100001111000011110000111111111111111111110000111100001111000011,none
420,420,cake07|cake03|cake06|cake01,cake03-24|cake06-25,28,2450|2450|7350,165|165|490,1111100011111100011111100011111100011111000011110000011100000011,none
421,421,cake07|cake05|cake02|cake08,cake05-25|cake07-24,28,2450|2450|7350,165|165|490,1111000011110000111100000000000000000000000011110000111100001111,none
422,422,cake06|cake07|cake01|cake05,cake05-25|cake07-24,28,2450|2450|7350,165|165|490,0111111011111111111111111111111111111111111111111111111101111110,none
423,423,cake08|cake03|cake01|cake02|cake04,cake01-25|cake08-24,28,2450|2450|7350,165|165|490,0001100000111100011111101111111111111111011111100011110000011000,none
424,424,cake02|cake05|cake08|cake03,cake05-24|cake08-25,28,2450|2450|7350,165|165|490,0011110000111100111111111111111111111111111111110011110000111100,none
425,425,cake04|cake02|cake06|cake01|cake07|cake03,cake04-24|cake06-25,28,2450|2450|7350,165|165|490,0011110001111110111111111110011111100111111111110111111000111100,none
426,426,cake06|cake02|cake08|cake04|cake01|cake03|cake07,cake01-24|cake07-25,28,2450|2450|7350,165|165|490,0111111000111100000110000001100000011000000110000011110001111110,none
427,427,cake06|cake03|cake01|cake02,cake02-16|cake03-16|cake06-17,28,2450|2450|7350,165|165|490,1100001111000011110000111111111111111111110000111100001111000011,none
428,428,cake02|cake06|cake01,cake02-26,4,1300|1300|3900,90|90|260,1111100011111100011111100011111100011111000011110000011100000011,none
429,429,cake01|cake05|cake02,cake01-39,4,1950|1950|5850,130|130|390,1111000011110000111100000000000000000000000011110000111100001111,none
430,430,cake06|cake01|cake02,cake06-44,4,2200|2200|6600,150|150|440,0111111011111111111111111111111111111111111111111111111101111110,none
431,431,cake02|cake07|cake01,cake02-50,4,2500|2500|7500,170|170|500,0001100000111100011111101111111111111111011111100011110000011000,none
432,432,cake03|cake08|cake01,cake03-50,4,2500|2500|7500,170|170|500,0011110000111100111111111111111111111111111111110011110000111100,none
433,433,cake06|cake03|cake01,cake03-50,4,2500|2500|7500,170|170|500,0011110001111110111111111110011111100111111111110111111000111100,none
434,434,cake08|cake05|cake01,cake08-50,4,2500|2500|7500,170|170|500,0111111000111100000110000001100000011000000110000011110001111110,none
435,435,cake04|cake08|cake01,cake04-50,4,2500|2500|7500,170|170|500,1100001111000011110000111111111111111111110000111100001111000011,none
436,436,cake02|cake07|cake01,cake02-50,4,2500|2500|7500,170|170|500,1111100011111100011111100011111100011111000011110000011100000011,none
437,437,cake07|cake03|cake01,cake03-50,4,2500|2500|7500,170|170|500,1111000011110000111100000000000000000000000011110000111100001111,none
438,438,cake02|cake08|cake01,cake02-50,4,2500|2500|7500,170|170|500,0111111011111111111111111111111111111111111111111111111101111110,none
439,439,cake06|cake08|cake03,cake08-50,6,2500|2500|7500,170|170|500,0001100000111100011111101111111111111111011111100011110000011000,none
440,440,cake06|cake03|cake05,cake03-24|cake05-25,6,2450|2450|7350,165|165|490,0011110000111100111111111111111111111111111111110011110000111100,none
441,441,cake03|cake05|cake02,cake03-25|cake05-24,6,2450|2450|7350,165|165|490,0011110001111110111111111110011111100111111111110111111000111100,none
442,442,cake02|cake01|cake05|cake07|cake08|cake03|cake04,cake08-16|cake02-16|cake04-16,27,2400|2400|7200,160|160|480,0111111000111100000110000001100000011000000110000011110001111110,none
443,443,cake08|cake03|cake05|cake04|cake07,cake03-16|cake08-16|cake07-16,27,2400|2400|7200,160|160|480,1100001111000011110000111111111111111111110000111100001111000011,none
444,444,cake07|cake02|cake06|cake01,cake01-16|cake02-16|cake06-16,27,2400|2400|7200,160|160|480,1111100011111100011111100011111100011111000011110000011100000011,none
445,445,cake02|cake03|cake01|cake07,cake07-16|cake02-16|cake03-16,27,2400|2400|7200,160|160|480,1111000011110000111100000000000000000000000011110000111100001111,none
446,446,cake02|cake03|cake06|cake04,cake03-16|cake02-16|cake04-16,27,2400|2400|7200,160|160|480,0111111011111111111111111111111111111111111111111111111101111110,none
447,447,cake01|cake08|cake04|cake02,cake01-50,28,2500|2500|7500,170|170|500,0001100000111100011111101111111111111111011111100011110000011000,none
448,448,cake03|cake07|cake01|cake04,cake01-50,28,2500|2500|7500,170|170|500,0011110000111100111111111111111111111111111111110011110000111100,none
449,449,cake08|cake06|cake03|cake01|cake07,cake01-24|cake06-25,28,2450|2450|7350,165|165|490,0011110001111110111111111110011111100111111111110111111000111100,none
450,450,cake05|cake04|cake07|cake02,cake04-16|cake07-16|cake02-17,28,2450|2450|7350,165|165|490,0111111000111100000110000001100000011000000110000011110001111110,none
451,451,cake08|cake02|cake01|cake04|cake05,cake02-17|cake01-16|cake05-16,28,2450|2450|7350,165|165|490,1100001111000011110000111111111111111111110000111100001111000011,none
452,452,cake06|cake02|cake04|cake03|cake08|cake07,cake02-16|cake04-17|cake06-16,28,2450|2450|7350,165|165|490,1111100011111100011111100011111100011111000011110000011100000011,none
453,453,cake02|cake03|cake01,cake02-30,4,1500|1500|4500,100|100|300,1111000011110000111100000000000000000000000011110000111100001111,none
454,454,cake02|cake03|cake01,cake02-35,4,1750|1750|5250,120|120|350,0111111011111111111111111111111111111111111111111111111101111110,none
455,455,cake02|cake06|cake01,cake06-50,4,2500|2500|7500,170|170|500,0001100000111100011111101111111111111111011111100011110000011000,none
456,456,cake08|cake06|cake01,cake08-50,4,2500|2500|7500,170|170|500,0011110000111100111111111111111111111111111111110011110000111100,none
457,457,cake08|cake04|cake01,cake04-50,4,2500|2500|7500,170|170|500,0011110001111110111111111110011111100111111111110111111000111100,none
458,458,cake04|cake01|cake07,cake04-41,6,2050|2050|6150,140|140|410,0111111000111100000110000001100000011000000110000011110001111110,none
459,459,cake01|cake07|cake08|cake05|cake04|cake06,cake08-17|cake04-15|cake06-16,27,2400|2400|7200,160|160|480,1100001111000011110000111111111111111111110000111100001111000011,none
460,460,cake06|cake03|cake01|cake08|cake07|cake04|cake05,cake06-16|cake07-16|cake04-16,27,2400|2400|7200,160|160|480,1111100011111100011111100011111100011111000011110000011100000011,none
461,461,cake02|cake05|cake01|cake06|cake08|cake04|cake03,cake01-16|cake02-16|cake03-16,27,2400|2400|7200,160|160|480,1111000011110000111100000000000000000000000011110000111100001111,none
462,462,cake04|cake03|cake05|cake01,cake01-16|cake04-16|cake05-16,27,2400|2400|7200,160|160|480,0111111011111111111111111111111111111111111111111111111101111110,none
463,463,cake02|cake05|cake06|cake07|cake08|cake03|cake01,cake02-16|cake07-16|cake06-16,27,2400|2400|7200,160|160|480,0001100000111100011111101111111111111111011111100011110000011000,none
464,464,cake02|cake05|cake01|cake03|cake07|cake08,cake05-16|cake02-16|cake01-16,27,2400|2400|7200,160|160|480,0011110000111100111111111111111111111111111111110011110000111100,none
465,465,cake08|cake01|cake06|cake03|cake02,cake03-16|cake01-16|cake02-16,27,2400|2400|7200,160|160|480,0011110001111110111111111110011111100111111111110111111000111100,none
466,466,cake01|cake08|cake05|cake03|cake07|cake04|cake02,cake07-50,28,2500|2500|7500,170|170|500,0111111000111100000110000001100000011000000110000011110001111110,none
467,467,cake07|cake03|cake04|cake02,cake02-50,28,2500|2500|7500,170|170|500,1100001111000011110000111111111111111111110000111100001111000011,none
468,468,cake08|cake01|cake03|cake02|cake05|cake04,cake04-50,28,2500|2500|7500,170|170|500,1111100011111100011111100011111100011111000011110000011100000011,none
469,469,cake05|cake07|cake04|cake08|cake06,cake04-50,28,2500|2500|7500,170|170|500,1111000011110000111100000000000000000000000011110000111100001111,none
470,470,cake08|cake03|cake05|cake01|cake04|cake06|cake07,cake03-25|cake07-24,28,2450|2450|7350,165|165|490,0111111011111111111111111111111111111111111111111111111101111110,none
471,471,cake08|cake05|cake04|cake03|cake01,cake01-24|cake05-25,28,2450|2450|7350,165|165|490,0001100000111100011111101111111111111111011111100011110000011000,none
472,472,cake08|cake04|cake05|cake02,cake04-25|cake05-24,28,2450|2450|7350,165|165|490,0011110000111100111111111111111111111111111111110011110000111100,none
473,473,cake08|cake04|cake06|cake07|cake02,cake08-24|cake06-25,28,2450|2450|7350,165|165|490,0011110001111110111111111110011111100111111111110111111000111100,none
474,474,cake02|cake06|cake01|cake08|cake05,cake02-25|cake01-25,28,2500|2500|7500,170|170|500,0111111000111100000110000001100000011000000110000011110001111110,none
475,475,cake07|cake03|cake01|cake04,cake07-25|cake04-25,28,2500|2500|7500,170|170|500,1100001111000011110000111111111111111111110000111100001111000011,none
476,476,cake05|cake07|cake02|cake04,cake02-16|cake04-16|cake05-17,28,2450|2450|7350,165|165|490,1111100011111100011111100011111100011111000011110000011100000011,none
477,477,cake01|cake03|cake07|cake04|cake08,cake08-16|cake04-16|cake03-17,28,2450|2450|7350,165|165|490,1111000011110000111100000000000000000000000011110000111100001111,none
478,478,cake06|cake07|cake01,cake07-29,4,1450|1450|4350,100|100|290,0111111011111111111111111111111111111111111111111111111101111110,none
479,479,cake08|cake04|cake01,cake04-30,4,1500|1500|4500,100|100|300,0001100000111100011111101111111111111111011111100011110000011000,none
480,480,cake03|cake08|cake01,cake03-50,4,2500|2500|7500,170|170|500,0011110000111100111111111111111111111111111111110011110000111100,none
481,481,cake04|cake07|cake01,cake04-50,4,2500|2500|7500,170|170|500,0011110001111110111111111110011111100111111111110111111000111100,none
482,482,cake06|cake08|cake02,cake06-50,6,2500|2500|7500,170|170|500,0111111000111100000110000001100000011000000110000011110001111110,none
483,483,cake02|cake01|cake03,cake01-50,6,2500|2500|7500,170|170|500,1100001111000011110000111111111111111111110000111100001111000011,none
484,484,cake06|cake03|cake07,cake06-50,6,2500|2500|7500,170|170|500,1111100011111100011111100011111100011111000011110000011100000011,none
485,485,cake05|cake08|cake06,cake08-50,6,2500|2500|7500,170|170|500,1111000011110000111100000000000000000000000011110000111100001111,none
486,486,cake01|cake02|cake05,cake02-25|cake01-24,6,2450|2450|7350,165|165|490,0111111011111111111111111111111111111111111111111111111101111110,none
487,487,cake04|cake05|cake08|cake06|cake03|cake07,cake07-17|cake03-15|cake04-16,27,2400|2400|7200,160|160|480,0001100000111100011111101111111111111111011111100011110000011000,none
488,488,cake07|cake03|cake05|cake06|cake02|cake04|cake08,cake08-16|cake03-16|cake07-16,27,2400|2400|7200,160|160|480,0011110000111100111111111111111111111111111111110011110000111100,none
489,489,cake02|cake05|cake03|cake08,cake03-16|cake05-16|cake02-16,27,2400|2400|7200,160|160|480,0011110001111110111111111110011111100111111111110111111000111100,none
490,490,cake06|cake07|cake01|cake02|cake03|cake08,cake06-50,28,2500|2500|7500,170|170|500,0111111000111100000110000001100000011000000110000011110001111110,none
491,491,cake08|cake04|cake07|cake02|cake01,cake08-50,28,2500|2500|7500,170|170|500,1100001111000011110000111111111111111111110000111100001111000011,none
492,492,cake04|cake08|cake07|cake03|cake06,cake03-50,28,2500|2500|7500,170|170|500,1111100011111100011111100011111100011111000011110000011100000011,none
493,493,cake06|cake02|cake04|cake08|cake01|cake03,cake02-50,28,2500|2500|7500,170|170|500,1111000011110000111100000000000000000000000011110000111100001111,none
494,494,cake02|cake06|cake07|cake08|cake05,cake02-24|cake08-25,28,2450|2450|7350,165|165|490,0111111011111111111111111111111111111111111111111111111101111110,none
495,495,cake07|cake01|cake03|cake02|cake08|cake05|cake06,cake03-24|cake01-25,28,2450|2450|7350,165|165|490,0001100000111100011111101111111111111111011111100011110000011000,none
496,496,cake03|cake01|cake06|cake07|cake08,cake03-25|cake08-24,28,2450|2450|7350,165|165|490,0011110000111100111111111111111111111111111111110011110000111100,none
497,497,cake04|cake02|cake01|cake03|cake06|cake05|cake07,cake06-24|cake03-25,28,2450|2450|7350,165|165|490,0011110001111110111111111110011111100111111111110111111000111100,none
498,498,cake03|cake02|cake04|cake01|cake08,cake04-25|cake08-25,28,2500|2500|7500,170|170|500,0111111000111100000110000001100000011000000110000011110001111110,none
499,499,cake06|cake07|cake03|cake02|cake05|cake04|cake08,cake07-25|cake03-25,28,2500|2500|7500,170|170|500,1100001111000011110000111111111111111111110000111100001111000011,none
500,500,cake08|cake06|cake07|cake05|cake04|cake02|cake03,cake06-16|cake07-17|cake03-16,28,2450|2450|7350,165|165|490,1111100011111100011111100011111100011111000011110000011100000011,none
501,501,cake04|cake06|cake05|cake07|cake03,cake03-16|cake07-16|cake04-17,28,2450|2450|7350,165|165|490,1111000011110000111100000000000000000000000011110000111100001111,none
502,502,cake06|cake04|cake08|cake05,cake08-17|cake06-16|cake04-16,28,2450|2450|7350,165|165|490,0111111011111111111111111111111111111111111111111111111101111110,none
503,503,cake01|cake07|cake02,cake01-44,4,2200|2200|6600,150|150|440,0001100000111100011111101111111111111111011111100011110000011000,none
504,504,cake04|cake08|cake01,cake08-50,4,2500|2500|7500,170|170|500,0011110000111100111111111111111111111111111111110011110000111100,none
505,505,cake01|cake08|cake02,cake08-50,4,2500|2500|7500,170|170|500,0011110001111110111111111110011111100111111111110111111000111100,none
506,506,cake01|cake06|cake02,cake06-50,4,2500|2500|7500,170|170|500,0111111000111100000110000001100000011000000110000011110001111110,none
507,507,cake01|cake07|cake02,cake01-50,4,2500|2500|7500,170|170|500,1100001111000011110000111111111111111111110000111100001111000011,none
508,508,cake07|cake06|cake05,cake05-50,6,2500|2500|7500,170|170|500,1111100011111100011111100011111100011111000011110000011100000011,none
509,509,cake01|cake06|cake02,cake06-50,6,2500|2500|7500,170|170|500,1111000011110000111100000000000000000000000011110000111100001111,none
510,510,cake01|cake04|cake05|cake08|cake03|cake07,cake01-39,22,1950|1950|5850,130|130|390,0111111011111111111111111111111111111111111111111111111101111110,none
511,511,cake07|cake02|cake08|cake04|cake05|cake01,cake05-16|cake07-16|cake01-16,27,2400|2400|7200,160|160|480,0001100000111100011111101111111111111111011111100011110000011000,none
512,512,cake01|cake05|cake04|cake03,cake04-16|cake05-16|cake03-16,27,2400|2400|7200,160|160|480,0011110000111100111111111111111111111111111111110011110000111100,none
513,513,cake05|cake01|cake08|cake04|cake02,cake04-50,28,2500|2500|7500,170|170|500,0011110001111110111111111110011111100111111111110111111000111100,none
514,514,cake05|cake04|cake01|cake07|cake06,cake05-50,28,2500|2500|7500,170|170|500,0111111000111100000110000001100000011000000110000011110001111110,none
515,515,cake02|cake01|cake05|cake04,cake05-50,28,2500|2500|7500,170|170|500,1100001111000011110000111111111111111111110000111100001111000011,none
516,516,cake02|cake01|cake05|cake08|cake06|cake07,cake06-50,28,2500|2500|7500,170|170|500,1111100011111100011111100011111100011111000011110000011100000011,none
517,517,cake01|cake08|cake02|cake06|cake03|cake05|cake07,cake07-50,28,2500|2500|7500,170|170|500,1111000011110000111100000000000000000000000011110000111100001111,none
518,518,cake07|cake04|cake01|cake02,cake07-50,28,2500|2500|7500,170|170|500,0111111011111111111111111111111111111111111111111111111101111110,none
519,519,cake03|cake05|cake08|cake07|cake02|cake01|cake06,cake01-24|cake07-25,28,2450|2450|7350,165|165|490,0001100000111100011111101111111111111111011111100011110000011000,none
520,520,cake07|cake03|cake01|cake04|cake08|cake05,cake05-24|cake08-25,28,2450|2450|7350,165|165|490,0011110000111100111111111111111111111111111111110011110000111100,none
521,521,cake08|cake06|cake01|cake05|cake03,cake01-24|cake06-25,28,2450|2450|7350,165|165|490,0011110001111110111111111110011111100111111111110111111000111100,none
522,522,cake08|cake01|cake05|cake07,cake05-24|cake07-25,28,2450|2450|7350,165|165|490,0111111000111100000110000001100000011000000110000011110001111110,none
523,523,cake08|cake03|cake01|cake04|cake07|cake02,cake03-25|cake07-24,28,2450|2450|7350,165|165|490,1100001111000011110000111111111111111111110000111100001111000011,none
524,524,cake04|cake01|cake02|cake03|cake05|cake08,cake08-25|cake05-24,28,2450|2450|7350,165|165|490,1111100011111100011111100011111100011111000011110000011100000011,none
525,525,cake03|cake01|cake08|cake05|cake04|cake07,cake01-25|cake04-25,28,2500|2500|7500,170|170|500,1111000011110000111100000000000000000000000011110000111100001111,none
526,526,cake01|cake08|cake07|cake04|cake03,cake08-16|cake07-16|cake04-17,28,2450|2450|7350,165|165|490,0111111011111111111111111111111111111111111111111111111101111110,none
527,527,cake01|cake07|cake05|cake03|cake06|cake08|cake04,cake06-17|cake05-16|cake01-16,28,2450|2450|7350,165|165|490,0001100000111100011111101111111111111111011111100011110000011000,none
528,528,cake04|cake01|cake02,cake01-29,4,1450|1450|4350,100|100|290,0011110000111100111111111111111111111111111111110011110000111100,none
529,529,cake04|cake02|cake01,cake04-49,4,2450|2450|7350,165|165|490,0011110001111110111111111110011111100111111111110111111000111100,none
530,530,cake08|cake07|cake01,cake08-50,4,2500|2500|7500,170|170|500,0111111000111100000110000001100000011000000110000011110001111110,none
531,531,cake05|cake03|cake01,cake05-50,4,2500|2500|7500,170|170|500,1100001111000011110000111111111111111111110000111100001111000011,none
532,532,cake03|cake05|cake01,cake05-50,4,2500|2500|7500,170|170|500,1111100011111100011111100011111100011111000011110000011100000011,none
533,533,cake07|cake02|cake01,cake02-50,4,2500|2500|7500,170|170|500,1111000011110000111100000000000000000000000011110000111100001111,none
534,534,cake05|cake03|cake01,cake03-50,4,2500|2500|7500,170|170|500,0111111011111111111111111111111111111111111111111111111101111110,none
535,535,cake05|cake01|cake07,cake07-34,6,1700|1700|5100,115|115|340,0001100000111100011111101111111111111111011111100011110000011000,none
536,536,cake02|cake08|cake04,cake08-50,6,2500|2500|7500,170|170|500,0011110000111100111111111111111111111111111111110011110000111100,none
537,537,cake08|cake02|cake06,cake06-50,6,2500|2500|7500,170|170|500,0011110001111110111111111110011111100111111111110111111000111100,none
538,538,cake05|cake02|cake06,cake06-25|cake05-24,6,2450|2450|7350,165|165|490,0111111000111100000110000001100000011000000110000011110001111110,none
539,539,cake03|cake07|cake01,cake07-24|cake01-25,6,2450|2450|7350,165|165|490,1100001111000011110000111111111111111111110000111100001111000011,none
540,540,cake02|cake06|cake05|cake03|cake08|cake01|cake07,cake06-36,20,1800|1800|5400,120|120|360,1111100011111100011111100011111100011111000011110000011100000011,none
541,541,cake02|cake03|cake05|cake06|cake01,cake01-40,23,2000|2000|6000,135|135|400,1111000011110000111100000000000000000000000011110000111100001111,none
542,542,cake04|cake01|cake05|cake07,cake05-16|cake01-16|cake04-16,27,2400|2400|7200,160|160|480,0111111011111111111111111111111111111111111111111111111101111110,none
543,543,cake05|cake07|cake02|cake08,cake05-16|cake07-16|cake08-16,27,2400|2400|7200,160|160|480,0001100000111100011111101111111111111111011111100011110000011000,none
544,544,cake03|cake05|cake02|cake08|cake07|cake04,cake05-16|cake08-16|cake04-16,27,2400|2400|7200,160|160|480,0011110000111100111111111111111111111111111111110011110000111100,none
545,545,cake03|cake08|cake05|cake07|cake01,cake01-50,28,2500|2500|7500,170|170|500,0011110001111110111111111110011111100111111111110111111000111100,none
546,546,cake01|cake04|cake08|cake06|cake05|cake03,cake01-50,28,2500|2500|7500,170|170|500,0111111000111100000110000001100000011000000110000011110001111110,none
547,547,cake01|cake04|cake08|cake02|cake07|cake03|cake06,cake03-50,28,2500|2500|7500,170|170|500,1100001111000011110000111111111111111111110000111100001111000011,none
548,548,cake04|cake06|cake07|cake05,cake06-50,28,2500|2500|7500,170|170|500,1111100011111100011111100011111100011111000011110000011100000011,none
549,549,cake03|cake01|cake02|cake07|cake05|cake06|cake08,cake03-50,28,2500|2500|7500,170|170|500,1111000011110000111100000000000000000000000011110000111100001111,none
550,550,cake03|cake07|cake01|cake05|cake06|cake08|cake02,cake01-24|cake05-25,28,2450|2450|7350,165|165|490,0111111011111111111111111111111111111111111111111111111101111110,none
551,551,cake08|cake01|cake03|cake07,cake07-25|cake01-24,28,2450|2450|7350,165|165|490,0001100000111100011111101111111111111111011111100011110000011000,none
552,552,cake01|cake07|cake06|cake03|cake04|cake05|cake08,cake03-24|cake07-25,28,2450|2450|7350,165|165|490,0011110000111100111111111111111111111111111111110011110000111100,none
553,553,cake07|cake05|cake01,cake05-42,4,2100|2100|6300,140|140|420,0011110001111110111111111110011111100111111111110111111000111100,none
554,554,cake07|cake05|cake01,cake07-49,4,2450|2450|7350,165|165|490,0111111000111100000110000001100000011000000110000011110001111110,none
555,555,cake08|cake06|cake01,cake08-50,4,2500|2500|7500,170|170|500,1100001111000011110000111111111111111111110000111100001111000011,none
556,556,cake08|cake03|cake01,cake08-50,4,2500|2500|7500,170|170|500,1111100011111100011111100011111100011111000011110000011100000011,none
557,557,cake01|cake04|cake02,cake01-50,4,2500|2500|7500,170|170|500,1111000011110000111100000000000000000000000011110000111100001111,none
558,558,cake02|cake07|cake05,cake07-50,6,2500|2500|7500,170|170|500,0111111011111111111111111111111111111111111111111111111101111110,none
559,559,cake03|cake06|cake05,cake05-25|cake03-25,6,2500|2500|7500,170|170|500,0001100000111100011111101111111111111111011111100011110000011000,none
560,560,cake01|cake06|cake02|cake05|cake04,cake05-27,15,1350|1350|4050,90|90|270,0011110000111100111111111111111111111111111111110011110000111100,none
561,561,cake08|cake05|cake03|cake01|cake06|cake02,cake02-38,22,1900|1900|5700,130|130|380,0011110001111110111111111110011111100111111111110111111000111100,none
562,562,cake05|cake04|cake03|cake07|cake02,cake05-16|cake04-16|cake03-16,27,2400|2400|7200,160|160|480,0111111000111100000110000001100000011000000110000011110001111110,none
563,563,cake05|cake04|cake08|cake03|cake06|cake01,cake03-16|cake08-16|cake06-16,27,2400|2400|7200,160|160|480,1100001111000011110000111111111111111111110000111100001111000011,none
564,564,cake04|cake06|cake05|cake08,cake05-49,28,2450|2450|7350,165|165|490,1111100011111100011111100011111100011111000011110000011100000011,none
565,565,cake04|cake08|cake05|cake03,cake03-50,28,2500|2500|7500,170|170|500,1111000011110000111100000000000000000000000011110000111100001111,none
566,566,cake03|cake01|cake05|cake02,cake02-50,28,2500|2500|7500,170|170|500,0111111011111111111111111111111111111111111111111111111101111110,none
567,567,cake04|cake07|cake02|cake08|cake05|cake03,cake08-50,28,2500|2500|7500,170|170|500,0001100000111100011111101111111111111111011111100011110000011000,none
568,568,cake03|cake02|cake05|cake06|cake01|cake04|cake08,cake06-50,28,2500|2500|7500,170|170|500,0011110000111100111111111111111111111111111111110011110000111100,none
569,569,cake04|cake03|cake06|cake05|cake01,cake05-50,28,2500|2500|7500,170|170|500,0011110001111110111111111110011111100111111111110111111000111100,none
570,570,cake05|cake06|cake08|cake07|cake02|cake01|cake03,cake08-24|cake05-25,28,2450|2450|7350,165|165|490,0111111000111100000110000001100000011000000110000011110001111110,none
571,571,cake04|cake05|cake06|cake02|cake03,cake03-24|cake02-25,28,2450|2450|7350,165|165|490,1100001111000011110000111111111111111111110000111100001111000011,none
572,572,cake07|cake02|cake06|cake01|cake03,cake02-25|cake01-24,28,2450|2450|7350,165|165|490,1111100011111100011111100011111100011111000011110000011100000011,none
573,573,cake02|cake06|cake03|cake08|cake05|cake04,cake08-24|cake04-25,28,2450|2450|7350,165|165|490,1111000011110000111100000000000000000000000011110000111100001111,none
574,574,cake01|cake08|cake07|cake05|cake06,cake08-24|cake06-25,28,2450|2450|7350,165|165|490,0111111011111111111111111111111111111111111111111111111101111110,none
575,575,cake07|cake06|cake04|cake01|cake03,cake06-25|cake07-24,28,2450|2450|7350,165|165|490,0001100000111100011111101111111111111111011111100011110000011000,none
576,576,cake02|cake05|cake03|cake04|cake07|cake06|cake01,cake03-25|cake07-25,28,2500|2500|7500,170|170|500,0011110000111100111111111111111111111111111111110011110000111100,none
577,577,cake03|cake02|cake04|cake01|cake08|cake07,cake01-25|cake04-25,28,2500|2500|7500,170|170|500,0011110001111110111111111110011111100111111111110111111000111100,none
578,578,cake05|cake03|cake01,cake03-26,4,1300|1300|3900,90|90|260,0111111000111100000110000001100000011000000110000011110001111110,none
579,579,cake02|cake08|cake01,cake02-49,4,2450|2450|7350,165|165|490,1100001111000011110000111111111111111111110000111100001111000011,none
580,580,cake04|cake06|cake01,cake04-50,4,2500|2500|7500,170|170|500,1111100011111100011111100011111100011111000011110000011100000011,none
581,581,cake08|cake03|cake01,cake08-50,4,2500|2500|7500,170|170|500,1111000011110000111100000000000000000000000011110000111100001111,none
582,582,cake06|cake01|cake02,cake01-50,4,2500|2500|7500,170|170|500,0111111011111111111111111111111111111111111111111111111101111110,none
583,583,cake04|cake08|cake01,cake04-50,4,2500|2500|7500,170|170|500,0001100000111100011111101111111111111111011111100011110000011000,none
584,584,cake02|cake05|cake01,cake02-50,4,2500|2500|7500,170|170|500,0011110000111100111111111111111111111111111111110011110000111100,none
585,585,cake06|cake05|cake08,cake08-50,6,2500|2500|7500,170|170|500,0011110001111110111111111110011111100111111111110111111000111100,none
586,586,cake03|cake01|cake02,cake02-50,6,2500|2500|7500,170|170|500,0111111000111100000110000001100000011000000110000011110001111110,none
587,587,cake05|cake01|cake03|cake08|cake06|cake02,cake01-38,22,1900|1900|5700,130|130|380,1100001111000011110000111111111111111111110000111100001111000011,none
588,588,cake07|cake02|cake04|cake06,cake07-17|cake04-15|cake06-16,27,2400|2400|7200,160|160|480,1111100011111100011111100011111100011111000011110000011100000011,none
589,589,cake04|cake02|cake07|cake05,cake04-16|cake07-16|cake02-16,27,2400|2400|7200,160|160|480,1111000011110000111100000000000000000000000011110000111100001111,none
590,590,cake08|cake03|cake05|cake01|cake02|cake06|cake04,cake03-16|cake05-16|cake01-16,27,2400|2400|7200,160|160|480,0111111011111111111111111111111111111111111111111111111101111110,none
591,591,cake03|cake04|cake06|cake07,cake03-50,28,2500|2500|7500,170|170|500,0001100000111100011111101111111111111111011111100011110000011000,none
592,592,cake02|cake07|cake06|cake01,cake01-50,28,2500|2500|7500,170|170|500,0011110000111100111111111111111111111111111111110011110000111100,none
593,593,cake02|cake01|cake03|cake05|cake06|cake08,cake02-50,28,2500|2500|7500,170|170|500,0011110001111110111111111110011111100111111111110111111000111100,none
594,594,cake06|cake05|cake01|cake07|cake08,cake06-50,28,2500|2500|7500,170|170|500,0111111000111100000110000001100000011000000110000011110001111110,none
595,595,cake03|cake07|cake02|cake05|cake06|cake01|cake08,cake01-50,28,2500|2500|7500,170|170|500,1100001111000011110000111111111111111111110000111100001111000011,none
596,596,cake04|cake03|cake06|cake05|cake07|cake02,cake06-24|cake03-25,28,2450|2450|7350,165|165|490,1111100011111100011111100011111100011111000011110000011100000011,none
597,597,cake01|cake03|cake04|cake08,cake04-24|cake08-25,28,2450|2450|7350,165|165|490,1111000011110000111100000000000000000000000011110000111100001111,none
598,598,cake05|cake06|cake07|cake08|cake01|cake03|cake04,cake05-25|cake07-24,28,2450|2450|7350,165|165|490,0111111011111111111111111111111111111111111111111111111101111110,none
599,599,cake02|cake01|cake06|cake08|cake03|cake05|cake04,cake06-24|cake01-25,28,2450|2450|7350,165|165|490,0001100000111100011111101111111111111111011111100011110000011000,none
600,600,cake08|cake02|cake01|cake07|cake05,cake08-24|cake07-25,28,2450|2450|7350,165|165|490,0011110000111100111111111111111111111111111111110011110000111100,none
601,601,cake01|cake07|cake02|cake05|cake08|cake06,cake05-25|cake01-25,28,2500|2500|7500,170|170|500,0011110001111110111111111110011111100111111111110111111000111100,none
602,602,cake07|cake01|cake04|cake03|cake06|cake05,cake03-16|cake04-16|cake01-17,28,2450|2450|7350,165|165|490,0111111000111100000110000001100000011000000110000011110001111110,none
603,603,cake06|cake03|cake01,cake03-50,4,2500|2500|7500,170|170|500,1100001111000011110000111111111111111111110000111100001111000011,none
604,604,cake07|cake05|cake01,cake07-50,4,2500|2500|7500,170|170|500,1111100011111100011111100011111100011111000011110000011100000011,none
605,605,cake03|cake05|cake08,cake05-38,6,1900|1900|5700,130|130|380,1111000011110000111100000000000000000000000011110000111100001111,none
606,606,cake04|cake02|cake08,cake02-50,6,2500|2500|7500,170|170|500,0111111011111111111111111111111111111111111111111111111101111110,none
607,607,cake06|cake05|cake04,cake05-50,6,2500|2500|7500,170|170|500,0001100000111100011111101111111111111111011111100011110000011000,none
608,608,cake02|cake06|cake04,cake06-25|cake02-24,6,2450|2450|7350,165|165|490,0011110000111100111111111111111111111111111111110011110000111100,none
609,609,cake08|cake04|cake05,cake04-24|cake05-25,6,2450|2450|7350,165|165|490,0011110001111110111111111110011111100111111111110111111000111100,none
610,610,cake07|cake06|cake03|cake04|cake05,cake04-28,16,1400|1400|4200,95|95|280,0111111000111100000110000001100000011000000110000011110001111110,none
611,611,cake07|cake06|cake02|cake03|cake08|cake05,cake05-16|cake07-16|cake03-16,27,2400|2400|7200,160|160|480,1100001111000011110000111111111111111111110000111100001111000011,none
612,612,cake02|cake08|cake07|cake05|cake06|cake04|cake03,cake07-16|cake06-16|cake03-16,27,2400|2400|7200,160|160|480,1111100011111100011111100011111100011111000011110000011100000011,none
613,613,cake07|cake05|cake02|cake08|cake06,cake06-16|cake08-16|cake05-16,27,2400|2400|7200,160|160|480,1111000011110000111100000000000000000000000011110000111100001111,none
614,614,cake01|cake02|cake04|cake03|cake08|cake06,cake06-50,28,2500|2500|7500,170|170|500,0111111011111111111111111111111111111111111111111111111101111110,none
615,615,cake07|cake08|cake01|cake04|cake02|cake03|cake05,cake01-50,28,2500|2500|7500,170|170|500,0001100000111100011111101111111111111111011111100011110000011000,none
616,616,cake05|cake06|cake08|cake03|cake01|cake07,cake01-50,28,2500|2500|7500,170|170|500,0011110000111100111111111111111111111111111111110011110000111100,none
617,617,cake01|cake08|cake06|cake03|cake04|cake07,cake03-50,28,2500|2500|7500,170|170|500,0011110001111110111111111110011111100111111111110111111000111100,none
618,618,cake07|cake03|cake05|cake02|cake04,cake03-24|cake07-25,28,2450|2450|7350,165|165|490,0111111000111100000110000001100000011000000110000011110001111110,none
619,619,cake06|cake07|cake03|cake05,cake06-25|cake05-24,28,2450|2450|7350,165|165|490,1100001111000011110000111111111111111111110000111100001111000011,none
620,620,cake03|cake06|cake08|cake02|cake01,cake02-25|cake06-24,28,2450|2450|7350,165|165|490,1111100011111100011111100011111100011111000011110000011100000011,none
621,621,cake02|cake05|cake03|cake07|cake08,cake07-24|cake05-25,28,2450|2450|7350,165|165|490,1111000011110000111100000000000000000000000011110000111100001111,none
622,622,cake07|cake01|cake06|cake08|cake02,cake06-25|cake08-24,28,2450|2450|7350,165|165|490,0111111011111111111111111111111111111111111111111111111101111110,none
623,623,cake04|cake05|cake02|cake03|cake07,cake04-25|cake07-25,28,2500|2500|7500,170|170|500,0001100000111100011111101111111111111111011111100011110000011000,none
624,624,cake03|cake02|cake01|cake07|cake06|cake04,cake02-25|cake06-25,28,2500|2500|7500,170|170|500,0011110000111100111111111111111111111111111111110011110000111100,none
625,625,cake07|cake03|cake08|cake04|cake02|cake01|cake05,cake02-17|cake07-15|cake04-17,28,2450|2450|7350,165|165|490,0011110001111110111111111110011111100111111111110111111000111100,none
626,626,cake04|cake07|cake03|cake05|cake01,cake05-16|cake07-17|cake03-16,28,2450|2450|7350,165|165|490,0111111000111100000110000001100000011000000110000011110001111110,none
627,627,cake02|cake04|cake08|cake03,cake02-16|cake03-16|cake04-17,28,2450|2450|7350,165|165|490,1100001111000011110000111111111111111111110000111100001111000011,none
628,628,cake05|cake02|cake01,cake05-49,4,2450|2450|7350,165|165|490,1111100011111100011111100011111100011111000011110000011100000011,none
629,629,cake07|cake01|cake02,cake07-50,4,2500|2500|7500,170|170|500,1111000011110000111100000000000000000000000011110000111100001111,none
630,630,cake01|cake07|cake02,cake01-50,4,2500|2500|7500,170|170|500,0111111011111111111111111111111111111111111111111111111101111110,none
631,631,cake05|cake02|cake01,cake02-50,4,2500|2500|7500,170|170|500,0001100000111100011111101111111111111111011111100011110000011000,none
632,632,cake02|cake06|cake01,cake02-50,4,2500|2500|7500,170|170|500,0011110000111100111111111111111111111111111111110011110000111100,none
633,633,cake05|cake02|cake01,cake05-50,4,2500|2500|7500,170|170|500,0011110001111110111111111110011111100111111111110111111000111100,none
634,634,cake03|cake02|cake04,cake03-50,6,2500|2500|7500,170|170|500,0111111000111100000110000001100000011000000110000011110001111110,none
635,635,cake08|cake01|cake06,cake06-50,6,2500|2500|7500,170|170|500,1100001111000011110000111111111111111111110000111100001111000011,none
636,636,cake02|cake06|cake03,cake06-25|cake03-24,6,2450|2450|7350,165|165|490,1111100011111100011111100011111100011111000011110000011100000011,none
637,637,cake06|cake05|cake01,cake01-25|cake06-25,6,2500|2500|7500,170|170|500,1111000011110000111100000000000000000000000011110000111100001111,none
638,638,cake03|cake05|cake01|cake07|cake08|cake02,cake08-34,19,1700|1700|5100,115|115|340,0111111011111111111111111111111111111111111111111111111101111110,none
639,639,cake01|cake02|cake08|cake03|cake05|cake04|cake07,cake07-17|cake03-16|cake08-15,27,2400|2400|7200,160|160|480,0001100000111100011111101111111111111111011111100011110000011000,none
640,640,cake01|cake04|cake08|cake05|cake03,cake03-16|cake01-16|cake08-16,27,2400|2400|7200,160|160|480,0011110000111100111111111111111111111111111111110011110000111100,none
641,641,cake03|cake01|cake08|cake05|cake06|cake04,cake06-16|cake04-16|cake08-16,27,2400|2400|7200,160|160|480,0011110001111110111111111110011111100111111111110111111000111100,none
642,642,cake02|cake07|cake05|cake04|cake01|cake08,cake07-16|cake05-16|cake08-16,27,2400|2400|7200,160|160|480,0111111000111100000110000001100000011000000110000011110001111110,none
643,643,cake06|cake05|cake04|cake07|cake03,cake03-50,28,2500|2500|7500,170|170|500,1100001111000011110000111111111111111111110000111100001111000011,none
644,644,cake01|cake07|cake06|cake02|cake04|cake03|cake05,cake04-50,28,2500|2500|7500,170|170|500,1111100011111100011111100011111100011111000011110000011100000011,none
645,645,cake02|cake01|cake03|cake04,cake02-50,28,2500|2500|7500,170|170|500,1111000011110000111100000000000000000000000011110000111100001111,none
646,646,cake01|cake04|cake07|cake05|cake03,cake01-50,28,2500|2500|7500,170|170|500,0111111011111111111111111111111111111111111111111111111101111110,none
647,647,cake04|cake08|cake05|cake02|cake03,cake08-50,28,2500|2500|7500,170|170|500,0001100000111100011111101111111111111111011111100011110000011000,none
648,648,cake06|cake05|cake02|cake04|cake07|cake08|cake01,cake02-24|cake01-25,28,2450|2450|7350,165|165|490,0011110000111100111111111111111111111111111111110011110000111100,none
649,649,cake05|cake04|cake02|cake07|cake06|cake01|cake08,cake02-25|cake05-24,28,2450|2450|7350,165|165|490,0011110001111110111111111110011111100111111111110111111000111100,none
650,650,cake05|cake03|cake04|cake01|cake06|cake08,cake03-25|cake04-24,28,2450|2450|7350,165|165|490,0111111000111100000110000001100000011000000110000011110001111110,none
651,651,cake02|cake08|cake07|cake05|cake03|cake04|cake06,cake03-24|cake04-25,28,2450|2450|7350,165|165|490,1100001111000011110000111111111111111111110000111100001111000011,none
652,652,cake01|cake04|cake03|cake05|cake06|cake02|cake08,cake08-25|cake05-25,28,2500|2500|7500,170|170|500,1111100011111100011111100011111100011111000011110000011100000011,none
653,653,cake08|cake05|cake01,cake05-41,4,2050|2050|6150,140|140|410,1111000011110000111100000000000000000000000011110000111100001111,none
654,654,cake06|cake02|cake01,cake02-50,4,2500|2500|7500,170|170|500,0111111011111111111111111111111111111111111111111111111101111110,none
655,655,cake08|cake01|cake02,cake08-50,4,2500|2500|7500,170|170|500,0001100000111100011111101111111111111111011111100011110000011000,none
656,656,cake08|cake03|cake06,cake06-50,6,2500|2500|7500,170|170|500,0011110000111100111111111111111111111111111111110011110000111100,none
657,657,cake06|cake01|cake04,cake04-50,6,2500|2500|7500,170|170|500,0011110001111110111111111110011111100111111111110111111000111100,none
658,658,cake01|cake05|cake04,cake04-50,6,2500|2500|7500,170|170|500,0111111000111100000110000001100000011000000110000011110001111110,none
659,659,cake07|cake02|cake08,cake07-24|cake08-25,6,2450|2450|7350,165|165|490,1100001111000011110000111111111111111111110000111100001111000011,none
660,660,cake02|cake06|cake04,cake06-25|cake02-24,6,2450|2450|7350,165|165|490,1111100011111100011111100011111100011111000011110000011100000011,none
661,661,cake03|cake04|cake01,cake01-25|cake03-24,6,2450|2450|7350,165|165|490,1111000011110000111100000000000000000000000011110000111100001111,none
662,662,cake02|cake03|cake08|cake07|cake05,cake07-16|cake02-16|cake08-16,27,2400|2400|7200,160|160|480,0111111011111111111111111111111111111111111111111111111101111110,none
663,663,cake08|cake02|cake04|cake03|cake01,cake08-16|cake04-16|cake02-16,27,2400|2400|7200,160|160|480,0001100000111100011111101111111111111111011111100011110000011000,none
664,664,cake05|cake01|cake02|cake03|cake04|cake06|cake08,cake06-50,28,2500|2500|7500,170|170|500,0011110000111100111111111111111111111111111111110011110000111100,none
665,665,cake03|cake04|cake08|cake05|cake06,cake05-50,28,2500|2500|7500,170|170|500,0011110001111110111111111110011111100111111111110111111000111100,none
666,666,cake07|cake06|cake08|cake03|cake05|cake04,cake05-50,28,2500|2500|7500,170|170|500,0111111000111100000110000001100000011000000110000011110001111110,none
667,667,cake06|cake05|cake08|cake07,cake08-50,28,2500|2500|7500,170|170|500,1100001111000011110000111111111111111111110000111100001111000011,none
668,668,cake03|cake04|cake07|cake05|cake02,cake04-50,28,2500|2500|7500,170|170|500,1111100011111100011111100011111100011111000011110000011100000011,none
669,669,cake06|cake05|cake03|cake08|cake07|cake04,cake07-50,28,2500|2500|7500,170|170|500,1111000011110000111100000000000000000000000011110000111100001111,none
670,670,cake03|cake04|cake01|cake08|cake07|cake02,cake08-50,28,2500|2500|7500,170|170|500,0111111011111111111111111111111111111111111111111111111101111110,none
671,671,cake01|cake05|cake04|cake07|cake03,cake07-24|cake05-25,28,2450|2450|7350,165|165|490,0001100000111100011111101111111111111111011111100011110000011000,none
672,672,cake08|cake06|cake02|cake07|cake01|cake05|cake04,cake05-25|cake06-24,28,2450|2450|7350,165|165|490,0011110000111100111111111111111111111111111111110011110000111100,none
673,673,cake03|cake08|cake02|cake01|cake07,cake07-24|cake03-25,28,2450|2450|7350,165|165|490,0011110001111110111111111110011111100111111111110111111000111100,none
674,674,cake03|cake04|cake07|cake06,cake06-25|cake07-25,28,2500|2500|7500,170|170|500,0111111000111100000110000001100000011000000110000011110001111110,none
675,675,cake08|cake07|cake01|cake06|cake02|cake04,cake01-16|cake04-17|cake07-16,28,2450|2450|7350,165|165|490,1100001111000011110000111111111111111111110000111100001111000011,none
676,676,cake05|cake03|cake08|cake02|cake04|cake06|cake07,cake07-16|cake08-17|cake04-16,28,2450|2450|7350,165|165|490,1111100011111100011111100011111100011111000011110000011100000011,none
677,677,cake06|cake07|cake04|cake01|cake03,cake04-16|cake01-17|cake06-16,28,2450|2450|7350,165|165|490,1111000011110000111100000000000000000000000011110000111100001111,none
678,678,cake07|cake06|cake01,cake06-35,4,1750|1750|5250,120|120|350,0111111011111111111111111111111111111111111111111111111101111110,none
679,679,cake07|cake08|cake01,cake07-50,4,2500|2500|7500,170|170|500,0001100000111100011111101111111111111111011111100011110000011000,none
680,680,cake03|cake04|cake01,cake04-50,4,2500|2500|7500,170|170|500,0011110000111100111111111111111111111111111111110011110000111100,none
681,681,cake03|cake08|cake01,cake03-50,4,2500|2500|7500,170|170|500,0011110001111110111111111110011111100111111111110111111000111100,none
682,682,cake07|cake03|cake01,cake07-50,4,2500|2500|7500,170|170|500,0111111000111100000110000001100000011000000110000011110001111110,none
683,683,cake03|cake02|cake08,cake02-26,6,1300|1300|3900,90|90|260,1100001111000011110000111111111111111111110000111100001111000011,none
684,684,cake04|cake01|cake08,cake08-49,6,2450|2450|7350,165|165|490,1111100011111100011111100011111100011111000011110000011100000011,none
685,685,cake06|cake04|cake05,cake06-50,6,2500|2500|7500,170|170|500,1111000011110000111100000000000000000000000011110000111100001111,none
686,686,cake03|cake06|cake04,cake04-50,6,2500|2500|7500,170|170|500,0111111011111111111111111111111111111111111111111111111101111110,none
687,687,cake06|cake02|cake01,cake02-50,6,2500|2500|7500,170|170|500,0001100000111100011111101111111111111111011111100011110000011000,none
688,688,cake02|cake06|cake01,cake01-50,6,2500|2500|7500,170|170|500,0011110000111100111111111111111111111111111111110011110000111100,none
689,689,cake07|cake08|cake06|cake01,cake06-33,19,1650|1650|4950,110|110|330,0011110001111110111111111110011111100111111111110111111000111100,none
690,690,cake01|cake03|cake04|cake05|cake02|cake06,cake04-16|cake05-17|cake01-15,27,2400|2400|7200,160|160|480,0111111000111100000110000001100000011000000110000011110001111110,none
691,691,cake08|cake02|cake01|cake03,cake03-16|cake01-16|cake02-16,27,2400|2400|7200,160|160|480,1100001111000011110000111111111111111111110000111100001111000011,none
692,692,cake06|cake03|cake08|cake04|cake05|cake02|cake07,cake08-16|cake04-16|cake03-16,27,2400|2400|7200,160|160|480,1111100011111100011111100011111100011111000011110000011100000011,none
693,693,cake04|cake06|cake01|cake02|cake03|cake07|cake08,cake08-16|cake02-16|cake01-16,27,2400|2400|7200,160|160|480,1111000011110000111100000000000000000000000011110000111100001111,none
694,694,cake02|cake05|cake04|cake08|cake03|cake07|cake06,cake04-50,28,2500|2500|7500,170|170|500,0111111011111111111111111111111111111111111111111111111101111110,none
695,695,cake07|cake02|cake01|cake06,cake06-50,28,2500|2500|7500,170|170|500,0001100000111100011111101111111111111111011111100011110000011000,none
696,696,cake02|cake08|cake01|cake07,cake07-50,28,2500|2500|7500,170|170|500,0011110000111100111111111111111111111111111111110011110000111100,none
697,697,cake07|cake08|cake01|cake06,cake08-50,28,2500|2500|7500,170|170|500,0011110001111110111111111110011111100111111111110111111000111100,none
698,698,cake07|cake05|cake06|cake08|cake03|cake04|cake01,cake08-50,28,2500|2500|7500,170|170|500,0111111000111100000110000001100000011000000110000011110001111110,none
699,699,cake05|cake03|cake02|cake04|cake01|cake07|cake06,cake06-25|cake03-24,28,2450|2450|7350,165|165|490,1100001111000011110000111111111111111111110000111100001111000011,none
700,700,cake08|cake02|cake04|cake06|cake07|cake01|cake05,cake05-24|cake08-25,28,2450|2450|7350,165|165|490,1111100011111100011111100011111100011111000011110000011100000011,none
701,701,cake05|cake04|cake01|cake06,cake04-25|cake01-25,28,2500|2500|7500,170|170|500,1111000011110000111100000000000000000000000011110000111100001111,none
702,702,cake04|cake05|cake02|cake06|cake01|cake07,cake04-25|cake06-25,28,2500|2500|7500,170|170|500,0111111011111111111111111111111111111111111111111111111101111110,none
703,703,cake05|cake07|cake01,cake07-37,4,1850|1850|5550,125|125|370,0001100000111100011111101111111111111111011111100011110000011000,none
704,704,cake07|cake08|cake01,cake07-50,4,2500|2500|7500,170|170|500,0011110000111100111111111111111111111111111111110011110000111100,none
705,705,cake03|cake01|cake02,cake03-50,4,2500|2500|7500,170|170|500,0011110001111110111111111110011111100111111111110111111000111100,none
706,706,cake05|cake07|cake01,cake07-50,4,2500|2500|7500,170|170|500,0111111000111100000110000001100000011000000110000011110001111110,none
707,707,cake02|cake08|cake01,cake08-50,4,2500|2500|7500,170|170|500,1100001111000011110000111111111111111111110000111100001111000011,none
708,708,cake05|cake08|cake03,cake05-50,6,2500|2500|7500,170|170|500,1111100011111100011111100011111100011111000011110000011100000011,none
709,709,cake03|cake01|cake04,cake01-50,6,2500|2500|7500,170|170|500,1111000011110000111100000000000000000000000011110000111100001111,none
710,710,cake02|cake08|cake01,cake01-50,6,2500|2500|7500,170|170|500,0111111011111111111111111111111111111111111111111111111101111110,none
711,711,cake02|cake05|cake06|cake04|cake08|cake07|cake03,cake02-27,15,1350|1350|4050,90|90|270,0001100000111100011111101111111111111111011111100011110000011000,none
712,712,cake04|cake02|cake07|cake03|cake06|cake08|cake05,cake05-45,25,2250|2250|6750,150|150|450,0011110000111100111111111111111111111111111111110011110000111100,none
713,713,cake02|cake06|cake03|cake08|cake04|cake07,cake03-15|cake04-16|cake06-17,27,2400|2400|7200,160|160|480,0011110001111110111111111110011111100111111111110111111000111100,none
714,714,cake03|cake02|cake07|cake06,cake03-16|cake02-16|cake06-16,27,2400|2400|7200,160|160|480,0111111000111100000110000001100000011000000110000011110001111110,none
715,715,cake07|cake08|cake04|cake03,cake08-50,28,2500|2500|7500,170|170|500,1100001111000011110000111111111111111111110000111100001111000011,none
716,716,cake05|cake02|cake01|cake07|cake06,cake02-50,28,2500|2500|7500,170|170|500,1111100011111100011111100011111100011111000011110000011100000011,none
717,717,cake02|cake08|cake01|cake07|cake04|cake06|cake05,cake08-50,28,2500|2500|7500,170|170|500,1111000011110000111100000000000000000000000011110000111100001111,none
718,718,cake08|cake01|cake03|cake02,cake01-50,28,2500|2500|7500,170|170|500,0111111011111111111111111111111111111111111111111111111101111110,none
719,719,cake01|cake02|cake08|cake03|cake04,cake01-50,28,2500|2500|7500,170|170|500,0001100000111100011111101111111111111111011111100011110000011000,none
720,720,cake06|cake08|cake04|cake02|cake05,cake04-50,28,2500|2500|7500,170|170|500,0011110000111100111111111111111111111111111111110011110000111100,none
721,721,cake02|cake04|cake03|cake05|cake06|cake01,cake03-25|cake01-24,28,2450|2450|7350,165|165|490,0011110001111110111111111110011111100111111111110111111000111100,none
722,722,cake04|cake07|cake03|cake06|cake08|cake01|cake02,cake07-25|cake02-24,28,2450|2450|7350,165|165|490,0111111000111100000110000001100000011000000110000011110001111110,none
723,723,cake01|cake07|cake02|cake03|cake06|cake08,cake06-24|cake03-25,28,2450|2450|7350,165|165|490,1100001111000011110000111111111111111111110000111100001111000011,none
724,724,cake05|cake01|cake03|cake02|cake06|cake07|cake04,cake06-25|cake03-24,28,2450|2450|7350,165|165|490,1111100011111100011111100011111100011111000011110000011100000011,none
725,725,cake07|cake08|cake01|cake02|cake04|cake05|cake06,cake06-25|cake08-24,28,2450|2450|7350,165|165|490,1111000011110000111100000000000000000000000011110000111100001111,none
726,726,cake02|cake03|cake06|cake07|cake04|cake01|cake08,cake03-25|cake06-25,28,2500|2500|7500,170|170|500,0111111011111111111111111111111111111111111111111111111101111110,none
727,727,cake02|cake05|cake03|cake08,cake03-17|cake08-16|cake02-16,28,2450|2450|7350,165|165|490,0001100000111100011111101111111111111111011111100011110000011000,none
728,728,cake01|cake05|cake02,cake05-50,4,2500|2500|7500,170|170|500,0011110000111100111111111111111111111111111111110011110000111100,none
729,729,cake04|cake06|cake01,cake04-50,4,2500|2500|7500,170|170|500,0011110001111110111111111110011111100111111111110111111000111100,none
730,730,cake03|cake01|cake02,cake01-50,4,2500|2500|7500,170|170|500,0111111000111100000110000001100000011000000110000011110001111110,none
731,731,cake07|cake01|cake02,cake07-50,4,2500|2500|7500,170|170|500,1100001111000011110000111111111111111111110000111100001111000011,none
732,732,cake01|cake04|cake02,cake04-50,4,2500|2500|7500,170|170|500,1111100011111100011111100011111100011111000011110000011100000011,none
733,733,cake03|cake01|cake08,cake01-50,6,2500|2500|7500,170|170|500,1111000011110000111100000000000000000000000011110000111100001111,none
734,734,cake01|cake04|cake05,cake04-50,6,2500|2500|7500,170|170|500,0111111011111111111111111111111111111111111111111111111101111110,none
735,735,cake04|cake06|cake07,cake07-24|cake06-25,6,2450|2450|7350,165|165|490,0001100000111100011111101111111111111111011111100011110000011000,none
736,736,cake08|cake01|cake07,cake07-24|cake08-25,6,2450|2450|7350,165|165|490,0011110000111100111111111111111111111111111111110011110000111100,none
737,737,cake05|cake06|cake04|cake07|cake02|cake03|cake08,cake03-27,15,1350|1350|4050,90|90|270,0011110001111110111111111110011111100111111111110111111000111100,none
738,738,cake01|cake08|cake03|cake02,cake02-47,27,2350|2350|7050,160|160|470,0111111000111100000110000001100000011000000110000011110001111110,none
739,739,cake06|cake01|cake05|cake03,cake01-16|cake06-16|cake05-16,27,2400|2400|7200,160|160|480,1100001111000011110000111111111111111111110000111100001111000011,none
740,740,cake08|cake06|cake01|cake07|cake02,cake06-16|cake01-16|cake08-16,27,2400|2400|7200,160|160|480,1111100011111100011111100011111100011111000011110000011100000011,none
741,741,cake06|cake04|cake01|cake05|cake03|cake02|cake08,cake04-16|cake02-16|cake08-16,27,2400|2400|7200,160|160|480,1111000011110000111100000000000000000000000011110000111100001111,none
742,742,cake04|cake07|cake03|cake02|cake05|cake08,cake07-16|cake08-16|cake05-16,27,2400|2400|7200,160|160|480,0111111011111111111111111111111111111111111111111111111101111110,none
743,743,cake06|cake08|cake02|cake03,cake03-16|cake02-16|cake08-16,27,2400|2400|7200,160|160|480,0001100000111100011111101111111111111111011111100011110000011000,none
744,744,cake06|cake01|cake05|cake02|cake07,cake02-16|cake05-16|cake01-16,27,2400|2400|7200,160|160|480,0011110000111100111111111111111111111111111111110011110000111100,none
745,745,cake01|cake08|cake04|cake02|cake03|cake06|cake07,cake08-16|cake07-16|cake06-16,27,2400|2400|7200,160|160|480,0011110001111110111111111110011111100111111111110111111000111100,none
746,746,cake04|cake02|cake05|cake06|cake03|cake08,cake04-16|cake08-16|cake05-16,27,2400|2400|7200,160|160|480,0111111000111100000110000001100000011000000110000011110001111110,none
747,747,cake05|cake08|cake04|cake01,cake01-23|cake05-26,28,2450|2450|7350,165|165|490,1100001111000011110000111111111111111111110000111100001111000011,none
748,748,cake05|cake07|cake06|cake08|cake01|cake04,cake08-24|cake05-25,28,2450|2450|7350,165|165|490,1111100011111100011111100011111100011111000011110000011100000011,none
749,749,cake07|cake06|cake04|cake02|cake05|cake08,cake08-25|cake02-24,28,2450|2450|7350,165|165|490,1111000011110000111100000000000000000000000011110000111100001111,none
750,750,cake06|cake04|cake03|cake05,cake04-25|cake05-25,28,2500|2500|7500,170|170|500,0111111011111111111111111111111111111111111111111111111101111110,none
751,751,cake02|cake08|cake01|cake03|cake07|cake06,cake07-17|cake02-16|cake08-16,28,2450|2450|7350,165|165|490,0001100000111100011111101111111111111111011111100011110000011000,none
752,752,cake08|cake04|cake06|cake07,cake06-17|cake08-16|cake04-16,28,2450|2450|7350,165|165|490,0011110000111100111111111111111111111111111111110011110000111100,none
753,753,cake04|cake08|cake01,cake08-35,4,1750|1750|5250,120|120|350,0011110001111110111111111110011111100111111111110111111000111100,none
754,754,cake08|cake05|cake01,cake08-50,4,2500|2500|7500,170|170|500,0111111000111100000110000001100000011000000110000011110001111110,none
755,755,cake08|cake07|cake06,cake07-50,6,2500|2500|7500,170|170|500,1100001111000011110000111111111111111111110000111100001111000011,none
756,756,cake07|cake04|cake06,cake06-50,6,2500|2500|7500,170|170|500,1111100011111100011111100011111100011111000011110000011100000011,none
757,757,cake03|cake06|cake05,cake05-24|cake06-25,6,2450|2450|7350,165|165|490,1111000011110000111100000000000000000000000011110000111100001111,none
758,758,cake04|cake03|cake02,cake03-25|cake02-24,6,2450|2450|7350,165|165|490,0111111011111111111111111111111111111111111111111111111101111110,none
759,759,cake07|cake08|cake01,cake07-25|cake01-25,6,2500|2500|7500,170|170|500,0001100000111100011111101111111111111111011111100011110000011000,none
760,760,cake07|cake01|cake08|cake02|cake03|cake05|cake06,cake07-26,15,1300|1300|3900,90|90|260,0011110000111100111111111111111111111111111111110011110000111100,none
761,761,cake05|cake07|cake08|cake02,cake05-47,27,2350|2350|7050,160|160|470,0011110001111110111111111110011111100111111111110111111000111100,none
762,762,cake03|cake07|cake01|cake08|cake04|cake02|cake06,cake02-16|cake03-16|cake08-16,27,2400|2400|7200,160|160|480,0111111000111100000110000001100000011000000110000011110001111110,none
763,763,cake05|cake03|cake07|cake02|cake04|cake06,cake07-16|cake06-16|cake04-16,27,2400|2400|7200,160|160|480,1100001111000011110000111111111111111111110000111100001111000011,none
764,764,cake02|cake06|cake05|cake03|cake07,cake07-16|cake02-16|cake05-16,27,2400|2400|7200,160|160|480,1111100011111100011111100011111100011111000011110000011100000011,none
765,765,cake06|cake01|cake03|cake05|cake07|cake04|cake08,cake06-16|cake03-16|cake01-16,27,2400|2400|7200,160|160|480,1111000011110000111100000000000000000000000011110000111100001111,none
766,766,cake03|cake04|cake06|cake01|cake08|cake07,cake01-16|cake07-16|cake06-16,27,2400|2400|7200,160|160|480,0111111011111111111111111111111111111111111111111111111101111110,none
767,767,cake06|cake01|cake02|cake03|cake05|cake04|cake08,cake08-16|cake05-16|cake02-16,27,2400|2400|7200,160|160|480,0001100000111100011111101111111111111111011111100011110000011000,none
768,768,cake07|cake01|cake03|cake05|cake04|cake06|cake02,cake05-50,28,2500|2500|7500,170|170|500,0011110000111100111111111111111111111111111111110011110000111100,none
769,769,cake06|cake04|cake03|cake05|cake08|cake01,cake06-50,28,2500|2500|7500,170|170|500,0011110001111110111111111110011111100111111111110111111000111100,none
770,770,cake04|cake06|cake02|cake08|cake05|cake03|cake07,cake07-50,28,2500|2500|7500,170|170|500,0111111000111100000110000001100000011000000110000011110001111110,none
771,771,cake04|cake01|cake03|cake02|cake06,cake06-50,28,2500|2500|7500,170|170|500,1100001111000011110000111111111111111111110000111100001111000011,none
772,772,cake02|cake04|cake03|cake01|cake08,cake03-50,28,2500|2500|7500,170|170|500,1111100011111100011111100011111100011111000011110000011100000011,none
773,773,cake01|cake08|cake04|cake03|cake06|cake02,cake08-24|cake04-25,28,2450|2450|7350,165|165|490,1111000011110000111100000000000000000000000011110000111100001111,none
774,774,cake01|cake06|cake08|cake02|cake03,cake06-25|cake03-24,28,2450|2450|7350,165|165|490,0111111011111111111111111111111111111111111111111111111101111110,none
775,775,cake01|cake05|cake04|cake03|cake07,cake07-24|cake01-25,28,2450|2450|7350,165|165|490,0001100000111100011111101111111111111111011111100011110000011000,none
776,776,cake08|cake05|cake01|cake06|cake02|cake03,cake02-24|cake06-25,28,2450|2450|7350,165|165|490,0011110000111100111111111111111111111111111111110011110000111100,none
777,777,cake03|cake07|cake06|cake08|cake02|cake05|cake01,cake01-16|cake02-17|cake05-16,28,2450|2450|7350,165|165|490,0011110001111110111111111110011111100111111111110111111000111100,none
778,778,cake05|cake07|cake01,cake05-36,4,1800|1800|5400,120|120|360,0111111000111100000110000001100000011000000110000011110001111110,none
779,779,cake05|cake03|cake07,cake03-33,6,1650|1650|4950,110|110|330,1100001111000011110000111111111111111111110000111100001111000011,none
780,780,cake01|cake03|cake02,cake03-50,6,2500|2500|7500,170|170|500,1111100011111100011111100011111100011111000011110000011100000011,none
781,781,cake07|cake04|cake05,cake04-50,6,2500|2500|7500,170|170|500,1111000011110000111100000000000000000000000011110000111100001111,none
782,782,cake08|cake02|cake03,cake08-25|cake02-24,6,2450|2450|7350,165|165|490,0111111011111111111111111111111111111111111111111111111101111110,none
783,783,cake04|cake06|cake03,cake06-24|cake03-25,6,2450|2450|7350,165|165|490,0001100000111100011111101111111111111111011111100011110000011000,none
784,784,cake08|cake01|cake05,cake01-25|cake05-25,6,2500|2500|7500,170|170|500,0011110000111100111111111111111111111111111111110011110000111100,none
785,785,cake03|cake07|cake04,cake03-25|cake07-25,6,2500|2500|7500,170|170|500,0011110001111110111111111110011111100111111111110111111000111100,none
786,786,cake04|cake05|cake01|cake08|cake02,cake08-29,17,1450|1450|4350,100|100|290,0111111000111100000110000001100000011000000110000011110001111110,none
787,787,cake01|cake05|cake08|cake06|cake03|cake02,cake01-47,27,2350|2350|7050,160|160|470,1100001111000011110000111111111111111111110000111100001111000011,none
788,788,cake05|cake07|cake08|cake06|cake01,cake05-16|cake07-16|cake01-16,27,2400|2400|7200,160|160|480,1111100011111100011111100011111100011111000011110000011100000011,none
789,789,cake05|cake02|cake03|cake07|cake01,cake05-16|cake02-16|cake07-16,27,2400|2400|7200,160|160|480,1111000011110000111100000000000000000000000011110000111100001111,none
790,790,cake06|cake02|cake03|cake04|cake07|cake08|cake01,cake06-16|cake04-16|cake07-16,27,2400|2400|7200,160|160|480,0111111011111111111111111111111111111111111111111111111101111110,none
791,791,cake04|cake02|cake05|cake07|cake06|cake03,cake03-50,28,2500|2500|7500,170|170|500,0001100000111100011111101111111111111111011111100011110000011000,none
792,792,cake02|cake06|cake05|cake04|cake03|cake01|cake08,cake02-50,28,2500|2500|7500,170|170|500,0011110000111100111111111111111111111111111111110011110000111100,none
793,793,cake06|cake03|cake08|cake02,cake08-25|cake06-24,28,2450|2450|7350,165|165|490,0011110001111110111111111110011111100111111111110111111000111100,none
794,794,cake05|cake06|cake02|cake03,cake05-25|cake02-24,28,2450|2450|7350,165|165|490,0111111000111100000110000001100000011000000110000011110001111110,none
795,795,cake02|cake05|cake06|cake08|cake04|cake01|cake07,cake02-24|cake05-25,28,2450|2450|7350,165|165|490,1100001111000011110000111111111111111111110000111100001111000011,none
796,796,cake07|cake05|cake03|cake01|cake04|cake08|cake02,cake04-24|cake01-25,28,2450|2450|7350,165|165|490,1111100011111100011111100011111100011111000011110000011100000011,none
797,797,cake05|cake01|cake06|cake07,cake05-25|cake06-24,28,2450|2450|7350,165|165|490,1111000011110000111100000000000000000000000011110000111100001111,none
798,798,cake04|cake01|cake02|cake03|cake08|cake06|cake05,cake08-25|cake01-24,28,2450|2450|7350,165|165|490,0111111011111111111111111111111111111111111111111111111101111110,none
799,799,cake07|cake03|cake01|cake08|cake06|cake05|cake02,cake02-25|cake05-24,28,2450|2450|7350,165|165|490,0001100000111100011111101111111111111111011111100011110000011000,none
800,800,cake02|cake08|cake03|cake07|cake05|cake01|cake06,cake01-25|cake07-24,28,2450|2450|7350,165|165|490,0011110000111100111111111111111111111111111111110011110000111100,none
801,801,cake05|cake01|cake06|cake04|cake08|cake02|cake07,cake08-25|cake05-25,28,2500|2500|7500,170|170|500,0011110001111110111111111110011111100111111111110111111000111100,none
802,802,cake04|cake03|cake06|cake08|cake07|cake05,cake04-16|cake07-17|cake06-16,28,2450|2450|7350,165|165|490,0111111000111100000110000001100000011000000110000011110001111110,none
803,803,cake07|cake05|cake01,cake05-25,4,1250|1250|3750,85|85|250,1100001111000011110000111111111111111111110000111100001111000011,none
804,804,cake03|cake02|cake01,cake03-47,4,2350|2350|7050,160|160|470,1111100011111100011111100011111100011111000011110000011100000011,none
805,805,cake02|cake08|cake01,cake08-50,4,2500|2500|7500,170|170|500,1111000011110000111100000000000000000000000011110000111100001111,none
806,806,cake04|cake02|cake01,cake02-50,4,2500|2500|7500,170|170|500,0111111011111111111111111111111111111111111111111111111101111110,none
807,807,cake02|cake04|cake03,cake03-50,6,2500|2500|7500,170|170|500,0001100000111100011111101111111111111111011111100011110000011000,none
808,808,cake03|cake01|cake05,cake05-50,6,2500|2500|7500,170|170|500,0011110000111100111111111111111111111111111111110011110000111100,none
809,809,cake07|cake06|cake08,cake08-50,6,2500|2500|7500,170|170|500,0011110001111110111111111110011111100111111111110111111000111100,none
810,810,cake03|cake02|cake05,cake02-26|cake03-23,6,2450|2450|7350,165|165|490,0111111000111100000110000001100000011000000110000011110001111110,none
811,811,cake03|cake05|cake04,cake05-25|cake04-24,6,2450|2450|7350,165|165|490,1100001111000011110000111111111111111111110000111100001111000011,none
812,812,cake08|cake02|cake04,cake04-25|cake02-24,6,2450|2450|7350,165|165|490,1111100011111100011111100011111100011111000011110000011100000011,none
813,813,cake04|cake06|cake02|cake08,cake04-34,19,1700|1700|5100,115|115|340,1111000011110000111100000000000000000000000011110000111100001111,none
814,814,cake05|cake01|cake04|cake06|cake03|cake02|cake08,cake01-16|cake08-16|cake05-16,27,2400|2400|7200,160|160|480,0111111011111111111111111111111111111111111111111111111101111110,none
815,815,cake04|cake05|cake08|cake01|cake06|cake02,cake04-16|cake05-16|cake02-16,27,2400|2400|7200,160|160|480,0001100000111100011111101111111111111111011111100011110000011000,none
816,816,cake03|cake02|cake01|cake04,cake01-50,28,2500|2500|7500,170|170|500,0011110000111100111111111111111111111111111111110011110000111100,none
817,817,cake06|cake05|cake08|cake07|cake02|cake03,cake03-50,28,2500|2500|7500,170|170|500,0011110001111110111111111110011111100111111111110111111000111100,none
818,818,cake02|cake01|cake03|cake05|cake06|cake04|cake08,cake08-50,28,2500|2500|7500,170|170|500,0111111000111100000110000001100000011000000110000011110001111110,none
819,819,cake07|cake03|cake01|cake04|cake08|cake05|cake06,cake05-50,28,2500|2500|7500,170|170|500,1100001111000011110000111111111111111111110000111100001111000011,none
820,820,cake05|cake07|cake03|cake04|cake02|cake06,cake03-50,28,2500|2500|7500,170|170|500,1111100011111100011111100011111100011111000011110000011100000011,none
821,821,cake08|cake03|cake07|cake04,cake03-24|cake07-25,28,2450|2450|7350,165|165|490,1111000011110000111100000000000000000000000011110000111100001111,none
822,822,cake02|cake05|cake07|cake06|cake03|cake04,cake03-25|cake06-24,28,2450|2450|7350,165|165|490,0111111011111111111111111111111111111111111111111111111101111110,none
823,823,cake08|cake04|cake02|cake07|cake06|cake03|cake05,cake07-24|cake06-25,28,2450|2450|7350,165|165|490,0001100000111100011111101111111111111111011111100011110000011000,none
824,824,cake07|cake05|cake06|cake01|cake04,cake05-25|cake01-24,28,2450|2450|7350,165|165|490,0011110000111100111111111111111111111111111111110011110000111100,none
825,825,cake05|cake04|cake03|cake08|cake07,cake05-25|cake08-24,28,2450|2450|7350,165|165|490,0011110001111110111111111110011111100111111111110111111000111100,none
826,826,cake01|cake05|cake03|cake04|cake02|cake07|cake08,cake05-25|cake07-25,28,2500|2500|7500,170|170|500,0111111000111100000110000001100000011000000110000011110001111110,none
827,827,cake05|cake02|cake01|cake08,cake01-16|cake08-17|cake02-16,28,2450|2450|7350,165|165|490,1100001111000011110000111111111111111111110000111100001111000011,none
828,828,cake03|cake07|cake01,cake07-46,4,2300|2300|6900,155|155|460,1111100011111100011111100011111100011111000011110000011100000011,none
829,829,cake05|cake03|cake01,cake05-50,4,2500|2500|7500,170|170|500,1111000011110000111100000000000000000000000011110000111100001111,none
830,830,cake04|cake01|cake02,cake01-50,4,2500|2500|7500,170|170|500,0111111011111111111111111111111111111111111111111111111101111110,none
831,831,cake01|cake02|cake04,cake04-50,6,2500|2500|7500,170|170|500,0001100000111100011111101111111111111111011111100011110000011000,none
832,832,cake01|cake07|cake06,cake07-25|cake01-24,6,2450|2450|7350,165|165|490,0011110000111100111111111111111111111111111111110011110000111100,none
833,833,cake06|cake04|cake01,cake04-24|cake01-25,6,2450|2450|7350,165|165|490,0011110001111110111111111110011111100111111111110111111000111100,none
834,834,cake03|cake01|cake04,cake01-25|cake04-24,6,2450|2450|7350,165|165|490,0111111000111100000110000001100000011000000110000011110001111110,none
835,835,cake08|cake07|cake05|cake02|cake04|cake06,cake05-24|cake06-24,27,2400|2400|7200,160|160|480,1100001111000011110000111111111111111111110000111100001111000011,none
836,836,cake08|cake04|cake03|cake01,cake01-15|cake04-17|cake03-16,27,2400|2400|7200,160|160|480,1111100011111100011111100011111100011111000011110000011100000011,none
837,837,cake08|cake01|cake02|cake07|cake05|cake03|cake04,cake07-16|cake01-16|cake02-16,27,2400|2400|7200,160|160|480,1111000011110000111100000000000000000000000011110000111100001111,none
838,838,cake07|cake05|cake08|cake01|cake03|cake04,cake03-16|cake08-16|cake04-16,27,2400|2400|7200,160|160|480,0111111011111111111111111111111111111111111111111111111101111110,none
839,839,cake04|cake07|cake05|cake08|cake03|cake01|cake06,cake08-16|cake06-16|cake05-16,27,2400|2400|7200,160|160|480,0001100000111100011111101111111111111111011111100011110000011000,none
840,840,cake02|cake06|cake04|cake07|cake05,cake02-50,28,2500|2500|7500,170|170|500,0011110000111100111111111111111111111111111111110011110000111100,none
841,841,cake02|cake08|cake03|cake06|cake01|cake05,cake06-50,28,2500|2500|7500,170|170|500,0011110001111110111111111110011111100111111111110111111000111100,none
842,842,cake08|cake02|cake03|cake04,cake04-50,28,2500|2500|7500,170|170|500,0111111000111100000110000001100000011000000110000011110001111110,none
843,843,cake03|cake01|cake05|cake02|cake04,cake02-50,28,2500|2500|7500,170|170|500,1100001111000011110000111111111111111111110000111100001111000011,none
844,844,cake03|cake07|cake06|cake04|cake08,cake07-50,28,2500|2500|7500,170|170|500,1111100011111100011111100011111100011111000011110000011100000011,none
845,845,cake06|cake07|cake03|cake02,cake06-23|cake07-26,28,2450|2450|7350,165|165|490,1111000011110000111100000000000000000000000011110000111100001111,none
846,846,cake07|cake03|cake05|cake08|cake04|cake06,cake03-24|cake08-25,28,2450|2450|7350,165|165|490,0111111011111111111111111111111111111111111111111111111101111110,none
847,847,cake03|cake04|cake02|cake07|cake05|cake01,cake01-25|cake02-24,28,2450|2450|7350,165|165|490,0001100000111100011111101111111111111111011111100011110000011000,none
848,848,cake08|cake02|cake07|cake05|cake06|cake01|cake04,cake01-24|cake04-25,28,2450|2450|7350,165|165|490,0011110000111100111111111111111111111111111111110011110000111100,none
849,849,cake05|cake02|cake06|cake03|cake04|cake07,cake06-25|cake07-25,28,2500|2500|7500,170|170|500,0011110001111110111111111110011111100111111111110111111000111100,none
850,850,cake02|cake01|cake03|cake06|cake05|cake07|cake08,cake02-16|cake03-17|cake06-16,28,2450|2450|7350,165|165|490,0111111000111100000110000001100000011000000110000011110001111110,none
851,851,cake07|cake08|cake04|cake01|cake05|cake02,cake02-16|cake05-16|cake07-17,28,2450|2450|7350,165|165|490,1100001111000011110000111111111111111111110000111100001111000011,none
852,852,cake04|cake03|cake05|cake08|cake01|cake02|cake06,cake05-16|cake02-16|cake03-17,28,2450|2450|7350,165|165|490,1111100011111100011111100011111100011111000011110000011100000011,none
853,853,cake05|cake07|cake01,cake05-48,4,2400|2400|7200,160|160|480,1111000011110000111100000000000000000000000011110000111100001111,none
854,854,cake06|cake05|cake01,cake05-50,4,2500|2500|7500,170|170|500,0111111011111111111111111111111111111111111111111111111101111110,none
855,855,cake03|cake02|cake01,cake03-50,4,2500|2500|7500,170|170|500,0001100000111100011111101111111111111111011111100011110000011000,none
856,856,cake02|cake06|cake01,cake06-50,4,2500|2500|7500,170|170|500,0011110000111100111111111111111111111111111111110011110000111100,none
857,857,cake06|cake02|cake01,cake02-50,4,2500|2500|7500,170|170|500,0011110001111110111111111110011111100111111111110111111000111100,none
858,858,cake06|cake02|cake03,cake06-36,6,1800|1800|5400,120|120|360,0111111000111100000110000001100000011000000110000011110001111110,none
859,859,cake05|cake01|cake06,cake05-50,6,2500|2500|7500,170|170|500,1100001111000011110000111111111111111111110000111100001111000011,none
860,860,cake08|cake01|cake03,cake08-50,6,2500|2500|7500,170|170|500,1111100011111100011111100011111100011111000011110000011100000011,none
861,861,cake02|cake07|cake01,cake01-24|cake07-25,6,2450|2450|7350,165|165|490,1111000011110000111100000000000000000000000011110000111100001111,none
862,862,cake05|cake06|cake02,cake06-25|cake02-25,6,2500|2500|7500,170|170|500,0111111011111111111111111111111111111111111111111111111101111110,none
863,863,cake07|cake03|cake02|cake06|cake04,cake03-34,19,1700|1700|5100,115|115|340,0001100000111100011111101111111111111111011111100011110000011000,none
864,864,cake04|cake07|cake06|cake02|cake03,cake04-15|cake03-16|cake07-17,27,2400|2400|7200,160|160|480,0011110000111100111111111111111111111111111111110011110000111100,none
865,865,cake04|cake05|cake01|cake08|cake03,cake01-16|cake05-16|cake04-16,27,2400|2400|7200,160|160|480,0011110001111110111111111110011111100111111111110111111000111100,none
866,866,cake06|cake07|cake08|cake04,cake04-16|cake08-16|cake07-16,27,2400|2400|7200,160|160|480,0111111000111100000110000001100000011000000110000011110001111110,none
867,867,cake01|cake02|cake04|cake03|cake05,cake03-16|cake04-16|cake05-16,27,2400|2400|7200,160|160|480,1100001111000011110000111111111111111111110000111100001111000011,none
868,868,cake03|cake08|cake01|cake02|cake06,cake03-50,28,2500|2500|7500,170|170|500,1111100011111100011111100011111100011111000011110000011100000011,none
869,869,cake03|cake02|cake07|cake04,cake04-50,28,2500|2500|7500,170|170|500,1111000011110000111100000000000000000000000011110000111100001111,none
870,870,cake06|cake02|cake08|cake07|cake04,cake08-50,28,2500|2500|7500,170|170|500,0111111011111111111111111111111111111111111111111111111101111110,none
871,871,cake02|cake08|cake04|cake07|cake01|cake05|cake03,cake04-50,28,2500|2500|7500,170|170|500,0001100000111100011111101111111111111111011111100011110000011000,none
872,872,cake02|cake04|cake01|cake05|cake06|cake08|cake03,cake05-24|cake02-25,28,2450|2450|7350,165|165|490,0011110000111100111111111111111111111111111111110011110000111100,none
873,873,cake07|cake02|cake04|cake05|cake06|cake01|cake03,cake03-24|cake05-25,28,2450|2450|7350,165|165|490,0011110001111110111111111110011111100111111111110111111000111100,none
874,874,cake08|cake02|cake03|cake06|cake07,cake03-25|cake08-24,28,2450|2450|7350,165|165|490,0111111000111100000110000001100000011000000110000011110001111110,none
875,875,cake01|cake08|cake02|cake03|cake07|cake04,cake02-24|cake04-25,28,2450|2450|7350,165|165|490,1100001111000011110000111111111111111111110000111100001111000011,none
876,876,cake05|cake01|cake08|cake04,cake01-25|cake05-24,28,2450|2450|7350,165|165|490,1111100011111100011111100011111100011111000011110000011100000011,none
877,877,cake01|cake08|cake03|cake04|cake07,cake03-16|cake08-16|cake01-17,28,2450|2450|7350,165|165|490,1111000011110000111100000000000000000000000011110000111100001111,none
878,878,cake01|cake08|cake02,cake08-50,4,2500|2500|7500,170|170|500,0111111011111111111111111111111111111111111111111111111101111110,none
879,879,cake07|cake02|cake01,cake07-50,4,2500|2500|7500,170|170|500,0001100000111100011111101111111111111111011111100011110000011000,none
880,880,cake07|cake08|cake05,cake05-50,6,2500|2500|7500,170|170|500,0011110000111100111111111111111111111111111111110011110000111100,none
881,881,cake02|cake07|cake06,cake07-50,6,2500|2500|7500,170|170|500,0011110001111110111111111110011111100111111111110111111000111100,none
882,882,cake05|cake02|cake01,cake01-50,6,2500|2500|7500,170|170|500,0111111000111100000110000001100000011000000110000011110001111110,none
883,883,cake06|cake05|cake02,cake06-24|cake05-25,6,2450|2450|7350,165|165|490,1100001111000011110000111111111111111111110000111100001111000011,none
884,884,cake04|cake01|cake07|cake02|cake03|cake05,cake07-36,20,1800|1800|5400,120|120|360,1111100011111100011111100011111100011111000011110000011100000011,none
885,885,cake02|cake08|cake04|cake05,cake05-40,23,2000|2000|6000,135|135|400,1111000011110000111100000000000000000000000011110000111100001111,none
886,886,cake02|cake04|cake07|cake03|cake01|cake05,cake01-16|cake03-16|cake02-16,27,2400|2400|7200,160|160|480,0111111011111111111111111111111111111111111111111111111101111110,none
887,887,cake02|cake05|cake08|cake03|cake04|cake06|cake07,cake05-16|cake02-16|cake03-16,27,2400|2400|7200,160|160|480,0001100000111100011111101111111111111111011111100011110000011000,none
888,888,cake01|cake04|cake08|cake06|cake03|cake02,cake01-16|cake02-16|cake08-16,27,2400|2400|7200,160|160|480,0011110000111100111111111111111111111111111111110011110000111100,none
889,889,cake02|cake05|cake06|cake08,cake05-16|cake08-16|cake02-16,27,2400|2400|7200,160|160|480,0011110001111110111111111110011111100111111111110111111000111100,none
890,890,cake02|cake01|cake04|cake06|cake07,cake04-16|cake01-16|cake07-16,27,2400|2400|7200,160|160|480,0111111000111100000110000001100000011000000110000011110001111110,none
891,891,cake08|cake04|cake07|cake06|cake01,cake07-16|cake04-16|cake01-16,27,2400|2400|7200,160|160|480,1100001111000011110000111111111111111111110000111100001111000011,none
892,892,cake07|cake08|cake06|cake04|cake05|cake01,cake01-50,28,2500|2500|7500,170|170|500,1111100011111100011111100011111100011111000011110000011100000011,none
893,893,cake05|cake01|cake08|cake02|cake03,cake05-50,28,2500|2500|7500,170|170|500,1111000011110000111100000000000000000000000011110000111100001111,none
894,894,cake02|cake08|cake05|cake06,cake06-50,28,2500|2500|7500,170|170|500,0111111011111111111111111111111111111111111111111111111101111110,none
895,895,cake04|cake07|cake01|cake02|cake05|cake06|cake03,cake06-50,28,2500|2500|7500,170|170|500,0001100000111100011111101111111111111111011111100011110000011000,none
896,896,cake01|cake07|cake05|cake03|cake04|cake06|cake08,cake05-25|cake07-24,28,2450|2450|7350,165|165|490,0011110000111100111111111111111111111111111111110011110000111100,none
897,897,cake02|cake04|cake07|cake01|cake06|cake05,cake06-25|cake02-24,28,2450|2450|7350,165|165|490,0011110001111110111111111110011111100111111111110111111000111100,none
898,898,cake02|cake03|cake04|cake01|cake06|cake05|cake08,cake04-24|cake02-25,28,2450|2450|7350,165|165|490,0111111000111100000110000001100000011000000110000011110001111110,none
899,899,cake08|cake04|cake05|cake07|cake06,cake05-24|cake06-25,28,2450|2450|7350,165|165|490,1100001111000011110000111111111111111111110000111100001111000011,none
900,900,cake04|cake05|cake02|cake03|cake07,cake02-15|cake03-17|cake07-17,28,2450|2450|7350,165|165|490,1111100011111100011111100011111100011111000011110000011100000011,none
901,901,cake05|cake04|cake01|cake06|cake08|cake02|cake07,cake01-16|cake05-16|cake06-17,28,2450|2450|7350,165|165|490,1111000011110000111100000000000000000000000011110000111100001111,none
902,902,cake07|cake05|cake02|cake04|cake01|cake03,cake02-16|cake04-17|cake05-16,28,2450|2450|7350,165|165|490,0111111011111111111111111111111111111111111111111111111101111110,none
903,903,cake08|cake01|cake02,cake08-50,4,2500|2500|7500,170|170|500,0001100000111100011111101111111111111111011111100011110000011000,none
904,904,cake06|cake03|cake01,cake03-50,4,2500|2500|7500,170|170|500,0011110000111100111111111111111111111111111111110011110000111100,none
905,905,cake06|cake07|cake01,cake07-50,4,2500|2500|7500,170|170|500,0011110001111110111111111110011111100111111111110111111000111100,none
906,906,cake03|cake05|cake01,cake05-50,4,2500|2500|7500,170|170|500,0111111000111100000110000001100000011000000110000011110001111110,none
907,907,cake08|cake03|cake07,cake08-35,6,1750|1750|5250,120|120|350,1100001111000011110000111111111111111111110000111100001111000011,none
908,908,cake07|cake05|cake06,cake06-50,6,2500|2500|7500,170|170|500,1111100011111100011111100011111100011111000011110000011100000011,none
909,909,cake03|cake04|cake07,cake03-50,6,2500|2500|7500,170|170|500,1111000011110000111100000000000000000000000011110000111100001111,none
910,910,cake05|cake03|cake04,cake05-50,6,2500|2500|7500,170|170|500,0111111011111111111111111111111111111111111111111111111101111110,none
911,911,cake03|cake04|cake01,cake01-24|cake04-25,6,2450|2450|7350,165|165|490,0001100000111100011111101111111111111111011111100011110000011000,none
912,912,cake02|cake03|cake08,cake03-25|cake08-24,6,2450|2450|7350,165|165|490,0011110000111100111111111111111111111111111111110011110000111100,none
913,913,cake04|cake05|cake03,cake03-25|cake04-24,6,2450|2450|7350,165|165|490,0011110001111110111111111110011111100111111111110111111000111100,none
914,914,cake07|cake06|cake05,cake05-25|cake07-25,6,2500|2500|7500,170|170|500,0111111000111100000110000001100000011000000110000011110001111110,none
915,915,cake03|cake07|cake02|cake05|cake06|cake01,cake07-42,24,2100|2100|6300,140|140|420,1100001111000011110000111111111111111111110000111100001111000011,none
916,916,cake05|cake08|cake04|cake02,cake02-48,27,2400|2400|7200,160|160|480,1111100011111100011111100011111100011111000011110000011100000011,none
917,917,cake01|cake05|cake06|cake04|cake03|cake02|cake07,cake03-16|cake02-16|cake07-16,27,2400|2400|7200,160|160|480,1111000011110000111100000000000000000000000011110000111100001111,none
918,918,cake06|cake02|cake01|cake03,cake06-16|cake03-16|cake02-16,27,2400|2400|7200,160|160|480,0111111011111111111111111111111111111111111111111111111101111110,none
919,919,cake08|cake04|cake03|cake01|cake05|cake06,cake03-16|cake01-16|cake06-16,27,2400|2400|7200,160|160|480,0001100000111100011111101111111111111111011111100011110000011000,none
920,920,cake04|cake01|cake07|cake03|cake02,cake01-16|cake07-16|cake03-16,27,2400|2400|7200,160|160|480,0011110000111100111111111111111111111111111111110011110000111100,none
921,921,cake04|cake06|cake01|cake08|cake02|cake05,cake02-50,28,2500|2500|7500,170|170|500,0011110001111110111111111110011111100111111111110111111000111100,none
922,922,cake06|cake01|cake04|cake05,cake05-25|cake01-24,28,2450|2450|7350,165|165|490,0111111000111100000110000001100000011000000110000011110001111110,none
923,923,cake01|cake08|cake05|cake04,cake08-25|cake04-24,28,2450|2450|7350,165|165|490,1100001111000011110000111111111111111111110000111100001111000011,none
924,924,cake01|cake07|cake02|cake08|cake06|cake03,cake06-24|cake03-25,28,2450|2450|7350,165|165|490,1111100011111100011111100011111100011111000011110000011100000011,none
925,925,cake07|cake03|cake08|cake04|cake05|cake02,cake02-25|cake04-24,28,2450|2450|7350,165|165|490,1111000011110000111100000000000000000000000011110000111100001111,none
926,926,cake03|cake08|cake02|cake06|cake05|cake07|cake01,cake05-16|cake08-17|cake02-16,28,2450|2450|7350,165|165|490,0111111011111111111111111111111111111111111111111111111101111110,none
927,927,cake04|cake03|cake01|cake08|cake07|cake06,cake07-16|cake04-17|cake06-16,28,2450|2450|7350,165|165|490,0001100000111100011111101111111111111111011111100011110000011000,none
928,928,cake03|cake05|cake01,cake03-31,4,1550|1550|4650,105|105|310,0011110000111100111111111111111111111111111111110011110000111100,none
929,929,cake03|cake08|cake01,cake03-50,4,2500|2500|7500,170|170|500,0011110001111110111111111110011111100111111111110111111000111100,none
930,930,cake01|cake07|cake02,cake01-50,4,2500|2500|7500,170|170|500,0111111000111100000110000001100000011000000110000011110001111110,none
931,931,cake08|cake03|cake01,cake08-50,4,2500|2500|7500,170|170|500,1100001111000011110000111111111111111111110000111100001111000011,none
932,932,cake03|cake01|cake02,cake03-50,4,2500|2500|7500,170|170|500,1111100011111100011111100011111100011111000011110000011100000011,none
933,933,cake08|cake01|cake05,cake01-45,6,2250|2250|6750,150|150|450,1111000011110000111100000000000000000000000011110000111100001111,none
934,934,cake04|cake07|cake06,cake06-50,6,2500|2500|7500,170|170|500,0111111011111111111111111111111111111111111111111111111101111110,none
935,935,cake01|cake03|cake05,cake03-24|cake05-25,6,2450|2450|7350,165|165|490,0001100000111100011111101111111111111111011111100011110000011000,none
936,936,cake05|cake04|cake01,cake05-24|cake04-25,6,2450|2450|7350,165|165|490,0011110000111100111111111111111111111111111111110011110000111100,none
937,937,cake05|cake02|cake03,cake05-24|cake02-25,6,2450|2450|7350,165|165|490,0011110001111110111111111110011111100111111111110111111000111100,none
938,938,cake02|cake08|cake06|cake04|cake05|cake07|cake01,cake06-43,24,2150|2150|6450,145|145|430,0111111000111100000110000001100000011000000110000011110001111110,none
939,939,cake03|cake01|cake08|cake05|cake06,cake06-16|cake03-16|cake01-16,27,2400|2400|7200,160|160|480,1100001111000011110000111111111111111111110000111100001111000011,none
940,940,cake01|cake07|cake03|cake04|cake02,cake03-16|cake04-16|cake01-16,27,2400|2400|7200,160|160|480,1111100011111100011111100011111100011111000011110000011100000011,none
941,941,cake08|cake01|cake06|cake03|cake04|cake02|cake07,cake02-16|cake06-16|cake03-16,27,2400|2400|7200,160|160|480,1111000011110000111100000000000000000000000011110000111100001111,none
942,942,cake02|cake05|cake07|cake04|cake01|cake08,cake07-50,28,2500|2500|7500,170|170|500,0111111011111111111111111111111111111111111111111111111101111110,none
943,943,cake03|cake01|cake05|cake04|cake07|cake06|cake02,cake03-50,28,2500|2500|7500,170|170|500,0001100000111100011111101111111111111111011111100011110000011000,none
944,944,cake05|cake04|cake01|cake08|cake02,cake01-24|cake05-25,28,2450|2450|7350,165|165|490,0011110000111100111111111111111111111111111111110011110000111100,none
945,945,cake03|cake07|cake01|cake05|cake06|cake02,cake03-25|cake07-24,28,2450|2450|7350,165|165|490,0011110001111110111111111110011111100111111111110111111000111100,none
946,946,cake08|cake04|cake02|cake06|cake07,cake07-24|cake02-25,28,2450|2450|7350,165|165|490,0111111000111100000110000001100000011000000110000011110001111110,none
947,947,cake01|cake03|cake05|cake08|cake02,cake08-24|cake03-25,28,2450|2450|7350,165|165|490,1100001111000011110000111111111111111111110000111100001111000011,none
948,948,cake08|cake01|cake06|cake04|cake07|cake05|cake03,cake08-25|cake01-24,28,2450|2450|7350,165|165|490,1111100011111100011111100011111100011111000011110000011100000011,none
949,949,cake03|cake06|cake01|cake07|cake04,cake04-25|cake03-24,28,2450|2450|7350,165|165|490,1111000011110000111100000000000000000000000011110000111100001111,none
950,950,cake07|cake01|cake05|cake02|cake08,cake07-24|cake02-25,28,2450|2450|7350,165|165|490,0111111011111111111111111111111111111111111111111111111101111110,none
951,951,cake05|cake03|cake07|cake06|cake02,cake07-24|cake06-25,28,2450|2450|7350,165|165|490,0001100000111100011111101111111111111111011111100011110000011000,none
952,952,cake08|cake06|cake03|cake02|cake05|cake07|cake04,cake02-16|cake08-16|cake05-17,28,2450|2450|7350,165|165|490,0011110000111100111111111111111111111111111111110011110000111100,none
953,953,cake03|cake06|cake01,cake06-46,4,2300|2300|6900,155|155|460,0011110001111110111111111110011111100111111111110111111000111100,none
954,954,cake01|cake06|cake02,cake06-50,4,2500|2500|7500,170|170|500,0111111000111100000110000001100000011000000110000011110001111110,none
955,955,cake05|cake06|cake01,cake06-50,4,2500|2500|7500,170|170|500,1100001111000011110000111111111111111111110000111100001111000011,none
956,956,cake04|cake03|cake01,cake03-50,4,2500|2500|7500,170|170|500,1111100011111100011111100011111100011111000011110000011100000011,none
957,957,cake06|cake07|cake01,cake07-50,4,2500|2500|7500,170|170|500,1111000011110000111100000000000000000000000011110000111100001111,none
958,958,cake03|cake06|cake01,cake01-27,6,1350|1350|4050,90|90|270,0111111011111111111111111111111111111111111111111111111101111110,none
959,959,cake06|cake05|cake04,cake04-42,6,2100|2100|6300,140|140|420,0001100000111100011111101111111111111111011111100011110000011000,none
960,960,cake01|cake07|cake04,cake04-24|cake07-25,6,2450|2450|7350,165|165|490,0011110000111100111111111111111111111111111111110011110000111100,none
961,961,cake04|cake05|cake01,cake05-25|cake01-24,6,2450|2450|7350,165|165|490,0011110001111110111111111110011111100111111111110111111000111100,none
962,962,cake07|cake01|cake04,cake04-24|cake01-25,6,2450|2450|7350,165|165|490,0111111000111100000110000001100000011000000110000011110001111110,none
963,963,cake06|cake07|cake05|cake03|cake01|cake08|cake04,cake01-17|cake07-15|cake06-16,27,2400|2400|7200,160|160|480,1100001111000011110000111111111111111111110000111100001111000011,none
964,964,cake01|cake05|cake07|cake02|cake08|cake04,cake04-16|cake07-16|cake02-16,27,2400|2400|7200,160|160|480,1111100011111100011111100011111100011111000011110000011100000011,none
965,965,cake05|cake06|cake01|cake03|cake07|cake08|cake02,cake01-16|cake05-16|cake08-16,27,2400|2400|7200,160|160|480,1111000011110000111100000000000000000000000011110000111100001111,none
966,966,cake06|cake01|cake07|cake04|cake03|cake02|cake08,cake07-16|cake01-16|cake06-16,27,2400|2400|7200,160|160|480,0111111011111111111111111111111111111111111111111111111101111110,none
967,967,cake06|cake04|cake02|cake01,cake04-50,28,2500|2500|7500,170|170|500,0001100000111100011111101111111111111111011111100011110000011000,none
968,968,cake07|cake01|cake05|cake04,cake04-50,28,2500|2500|7500,170|170|500,0011110000111100111111111111111111111111111111110011110000111100,none
969,969,cake01|cake05|cake02|cake03|cake06,cake02-50,28,2500|2500|7500,170|170|500,0011110001111110111111111110011111100111111111110111111000111100,none
970,970,cake08|cake03|cake05|cake06,cake06-50,28,2500|2500|7500,170|170|500,0111111000111100000110000001100000011000000110000011110001111110,none
971,971,cake07|cake04|cake08|cake05|cake06,cake07-50,28,2500|2500|7500,170|170|500,1100001111000011110000111111111111111111110000111100001111000011,none
972,972,cake01|cake05|cake06|cake03|cake02,cake05-25|cake01-24,28,2450|2450|7350,165|165|490,1111100011111100011111100011111100011111000011110000011100000011,none
973,973,cake02|cake07|cake03|cake04|cake05|cake01|cake08,cake01-25|cake05-24,28,2450|2450|7350,165|165|490,1111000011110000111100000000000000000000000011110000111100001111,none
974,974,cake01|cake04|cake05|cake03|cake02|cake07,cake01-24|cake05-25,28,2450|2450|7350,165|165|490,0111111011111111111111111111111111111111111111111111111101111110,none
975,975,cake05|cake04|cake02|cake07|cake01,cake01-25|cake05-25,28,2500|2500|7500,170|170|500,0001100000111100011111101111111111111111011111100011110000011000,none
976,976,cake04|cake03|cake08|cake06,cake03-16|cake08-16|cake06-17,28,2450|2450|7350,165|165|490,0011110000111100111111111111111111111111111111110011110000111100,none
977,977,cake03|cake04|cake07|cake02|cake06|cake08|cake05,cake05-17|cake04-16|cake07-16,28,2450|2450|7350,165|165|490,0011110001111110111111111110011111100111111111110111111000111100,none
978,978,cake01|cake08|cake02,cake01-50,4,2500|2500|7500,170|170|500,0111111000111100000110000001100000011000000110000011110001111110,none
979,979,cake01|cake03|cake02,cake01-50,4,2500|2500|7500,170|170|500,1100001111000011110000111111111111111111110000111100001111000011,none
980,980,cake08|cake03|cake01,cake03-50,4,2500|2500|7500,170|170|500,1111100011111100011111100011111100011111000011110000011100000011,none
981,981,cake04|cake03|cake02,cake04-25|cake03-24,6,2450|2450|7350,165|165|490,1111000011110000111100000000000000000000000011110000111100001111,none
982,982,cake08|cake01|cake07,cake01-25|cake08-24,6,2450|2450|7350,165|165|490,0111111011111111111111111111111111111111111111111111111101111110,none
983,983,cake06|cake04|cake05|cake01|cake02,cake04-41,23,2050|2050|6150,140|140|410,0001100000111100011111101111111111111111011111100011110000011000,none
984,984,cake02|cake04|cake01|cake06|cake07|cake08|cake03,cake04-46,26,2300|2300|6900,155|155|460,0011110000111100111111111111111111111111111111110011110000111100,none
985,985,cake06|cake04|cake03|cake01,cake01-16|cake06-16|cake04-16,27,2400|2400|7200,160|160|480,0011110001111110111111111110011111100111111111110111111000111100,none
986,986,cake06|cake08|cake01|cake03|cake05|cake04,cake08-16|cake05-16|cake03-16,27,2400|2400|7200,160|160|480,0111111000111100000110000001100000011000000110000011110001111110,none
987,987,cake02|cake04|cake01|cake06|cake08|cake07|cake05,cake08-50,28,2500|2500|7500,170|170|500,1100001111000011110000111111111111111111110000111100001111000011,none
988,988,cake01|cake03|cake05|cake02|cake06,cake02-50,28,2500|2500|7500,170|170|500,1111100011111100011111100011111100011111000011110000011100000011,none
989,989,cake08|cake05|cake01|cake03|cake04|cake06,cake06-50,28,2500|2500|7500,170|170|500,1111000011110000111100000000000000000000000011110000111100001111,none
990,990,cake01|cake06|cake02|cake08,cake08-50,28,2500|2500|7500,170|170|500,0111111011111111111111111111111111111111111111111111111101111110,none
991,991,cake08|cake05|cake06|cake02|cake03|cake04|cake07,cake04-50,28,2500|2500|7500,170|170|500,0001100000111100011111101111111111111111011111100011110000011000,none
992,992,cake06|cake01|cake08|cake07|cake05|cake04,cake06-50,28,2500|2500|7500,170|170|500,0011110000111100111111111111111111111111111111110011110000111100,none
993,993,cake01|cake05|cake08|cake03|cake04,cake03-50,28,2500|2500|7500,170|170|500,0011110001111110111111111110011111100111111111110111111000111100,none
994,994,cake07|cake01|cake04|cake03|cake08|cake05,cake05-25|cake03-24,28,2450|2450|7350,165|165|490,0111111000111100000110000001100000011000000110000011110001111110,none
995,995,cake03|cake06|cake08|cake07|cake01,cake08-24|cake03-25,28,2450|2450|7350,165|165|490,1100001111000011110000111111111111111111110000111100001111000011,none
996,996,cake06|cake05|cake08|cake01,cake08-24|cake05-25,28,2450|2450|7350,165|165|490,1111100011111100011111100011111100011111000011110000011100000011,none
997,997,cake07|cake02|cake05|cake08|cake03|cake04|cake01,cake01-24|cake05-25,28,2450|2450|7350,165|165|490,1111000011110000111100000000000000000000000011110000111100001111,none
998,998,cake02|cake01|cake05|cake07|cake06|cake03,cake01-25|cake02-24,28,2450|2450|7350,165|165|490,0111111011111111111111111111111111111111111111111111111101111110,none
999,999,cake04|cake06|cake01|cake02|cake07|cake05,cake04-25|cake07-24,28,2450|2450|7350,165|165|490,0001100000111100011111101111111111111111011111100011110000011000,none
1000,1000,cake05|cake06|cake01|cake07|cake04,cake07-24|cake05-25,28,2450|2450|7350,165|165|490,0011110000111100111111111111111111111111111111110011110000111100,none
1001,1001,cake08|cake06|cake07,cake08-5,8,150|300|450,25|25|50,0011110001111110111111111110011111100111111111110111111000111100,random:1
1002,1002,cake01|cake07|cake08,cake01-5,8,150|300|450,25|25|50,0011110001111110111111111110011111100111111111110111111000111100,random:1
1003,1003,cake08|cake04|cake02,cake08-5,8,150|300|450,25|25|50,0011110001111110111111111110011111100111111111110111111000111100,random:1
1004,1004,cake08|cake02|cake01,cake08-5,8,150|300|450,25|25|50,0011110001111110111111111110011111100111111111110111111000111100,random:1
1005,1005,cake08|cake02|cake04,cake08-5,8,150|300|450,25|25|50,0011110001111110111111111110011111100111111111110111111000111100,random:1
1006,1006,cake01|cake05|cake06,cake01-5,8,150|300|450,25|25|50,0011110001111110111111111110011111100111111111110111111000111100,random:1
1007,1007,cake03|cake05|cake01,cake03-5,8,150|300|450,25|25|50,0011110001111110111111111110011111100111111111110111111000111100,random:1
1008,1008,cake01|cake04|cake03,cake01-5,8,150|300|450,25|25|50,0011110001111110111111111110011111100111111111110111111000111100,random:1
1009,1009,cake04|cake02|cake05,cake04-5,8,150|300|450,25|25|50,0011110001111110111111111110011111100111111111110111111000111100,random:1
1010,1010,cake06|cake01|cake04,cake06-5,8,150|300|450,25|25|50,0011110001111110111111111110011111100111111111110111111000111100,random:1
1011,1011,cake04|cake07|cake01,cake04-5,8,150|300|450,25|25|50,0011110001111110111111111110011111100111111111110111111000111100,random:1
1012,1012,cake04|cake01|cake03,cake04-5,8,150|300|450,25|25|50,0011110001111110111111111110011111100111111111110111111000111100,random:1
1013,1013,cake08|cake06|cake05,cake08-5,8,150|300|450,25|25|50,0011110001111110111111111110011111100111111111110111111000111100,random:1
1014,1014,cake08|cake01|cake05,cake08-5,8,150|300|450,25|25|50,0011110001111110111111111110011111100111111111110111111000111100,random:1
1015,1015,cake04|cake01|cake05,cake04-5,8,150|300|450,25|25|50,0011110001111110111111111110011111100111111111110111111000111100,random:1
1016,1016,cake01|cake02|cake03,cake01-5,8,150|300|450,25|25|50,0011110001111110111111111110011111100111111111110111111000111100,random:1
1017,1017,cake06|cake03|cake04,cake06-5,8,150|300|450,25|25|50,0011110001111110111111111110011111100111111111110111111000111100,random:1
1018,1018,cake03|cake05|cake07,cake03-5,8,150|300|450,25|25|50,0011110001111110111111111110011111100111111111110111111000111100,random:1
1019,1019,cake02|cake05|cake06,cake02-5,8,150|300|450,25|25|50,0011110001111110111111111110011111100111111111110111111000111100,random:1
1020,1020,cake08|cake07|cake01,cake08-5,8,150|300|450,25|25|50,0011110001111110111111111110011111100111111111110111111000111100,random:1
1021,1021,cake02|cake06|cake01,cake02-5,8,150|300|450,25|25|50,0011110001111110111111111110011111100111111111110111111000111100,random:1
1022,1022,cake04|cake08|cake06,cake04-5,8,150|300|450,25|25|50,0011110001111110111111111110011111100111111111110111111000111100,random:1
1023,1023,cake03|cake04|cake01,cake03-5,8,150|300|450,25|25|50,0011110001111110111111111110011111100111111111110111111000111100,random:1
1024,1024,cake04|cake03|cake06,cake04-5,8,150|300|450,25|25|50,0011110001111110111111111110011111100111111111110111111000111100,random:1
1025,1025,cake01|cake02|cake03,cake01-5,8,150|300|450,25|25|50,0011110001111110111111111110011111100111111111110111111000111100,random:1
1026,1026,cake06|cake04|cake02,cake06-5,8,150|300|450,25|25|50,0011110001111110111111111110011111100111111111110111111000111100,random:1
1027,1027,cake08|cake06|cake05,cake08-5,8,150|300|450,25|25|50,0011110001111110111111111110011111100111111111110111111000111100,random:1
1028,1028,cake02|cake01|cake03,cake02-5,8,150|300|450,25|25|50,0011110001111110111111111110011111100111111111110111111000111100,random:1
1029,1029,cake07|cake04|cake02,cake07-5,8,150|300|450,25|25|50,0011110001111110111111111110011111100111111111110111111000111100,random:1
1030,1030,cake06|cake02|cake01,cake06-5,8,150|300|450,25|25|50,0011110001111110111111111110011111100111111111110111111000111100,random:1
1031,1031,cake02|cake07|cake06,cake02-5,8,150|300|450,25|25|50,0011110001111110111111111110011111100111111111110111111000111100,random:1
1032,1032,cake03|cake07|cake08,cake03-5,8,150|300|450,25|25|50,0011110001111110111111111110011111100111111111110111111000111100,random:1
1033,1033,cake04|cake01|cake08,cake04-5,8,150|300|450,25|25|50,0011110001111110111111111110011111100111111111110111111000111100,random:1
1034,1034,cake02|cake01|cake06,cake02-5,8,150|300|450,25|25|50,0011110001111110111111111110011111100111111111110111111000111100,random:1
1035,1035,cake08|cake03|cake02,cake08-5,8,150|300|450,25|25|50,0011110001111110111111111110011111100111111111110111111000111100,random:1
1036,1036,cake02|cake01|cake08,cake02-5,8,150|300|450,25|25|50,0011110001111110111111111110011111100111111111110111111000111100,random:1
1037,1037,cake01|cake07|cake02,cake01-5,8,150|300|450,25|25|50,0011110001111110111111111110011111100111111111110111111000111100,random:1
1038,1038,cake06|cake07|cake02,cake06-5,8,150|300|450,25|25|50,0011110001111110111111111110011111100111111111110111111000111100,random:1
1039,1039,cake07|cake01|cake02,cake07-5,8,150|300|450,25|25|50,0011110001111110111111111110011111100111111111110111111000111100,random:1
1040,1040,cake04|cake03|cake02,cake04-5,8,150|300|450,25|25|50,0011110001111110111111111110011111100111111111110111111000111100,random:1
1041,1041,cake05|cake08|cake07,cake05-5,8,150|300|450,25|25|50,0011110001111110111111111110011111100111111111110111111000111100,random:1
1042,1042,cake06|cake01|cake02,cake06-5,8,150|300|450,25|25|50,0011110001111110111111111110011111100111111111110111111000111100,random:1
1043,1043,cake01|cake04|cake03,cake01-5,8,150|300|450,25|25|50,0011110001111110111111111110011111100111111111110111111000111100,random:1
1044,1044,cake03|cake08|cake01,cake03-5,8,150|300|450,25|25|50,0011110001111110111111111110011111100111111111110111111000111100,random:1
1045,1045,cake04|cake08|cake02,cake04-5,8,150|300|450,25|25|50,0011110001111110111111111110011111100111111111110111111000111100,random:1
1046,1046,cake04|cake03|cake02,cake04-5,8,150|300|450,25|25|50,0011110001111110111111111110011111100111111111110111111000111100,random:1
1047,1047,cake04|cake05|cake02,cake04-5,8,150|300|450,25|25|50,0011110001111110111111111110011111100111111111110111111000111100,random:1
1048,1048,cake07|cake08|cake06,cake07-5,8,150|300|450,25|25|50,0011110001111110111111111110011111100111111111110111111000111100,random:1
1049,1049,cake06|cake01|cake07,cake06-5,8,150|300|450,25|25|50,0011110001111110111111111110011111100111111111110111111000111100,random:1
1050,1050,cake07|cake02|cake08,cake07-5,8,150|300|450,25|25|50,0011110001111110111111111110011111100111111111110111111000111100,random:1
1051,1051,cake09|cake10|cake01,cake09-5,8,150|300|450,25|25|50,0011110001111110111111111110011111100111111111110111111000111100,random:1
1052,1052,cake10|cake02|cake09,cake10-5,8,150|300|450,25|25|50,0011110001111110111111111110011111100111111111110111111000111100,random:1
1053,1053,cake03|cake09|cake10,cake09-5,8,150|300|450,25|25|50,0011110001111110111111111110011111100111111111110111111000111100,random:1
1054,1054,cake09|cake04|cake10,cake10-5,8,150|300|450,25|25|50,0011110001111110111111111110011111100111111111110111111000111100,random:1
1055,1055,cake10|cake09|cake05,cake09-5,8,150|300|450,25|25|50,0011110001111110111111111110011111100111111111110111111000111100,random:1
1056,1056,cake06|cake10|cake09,cake10-5,8,150|300|450,25|25|50,0011110001111110111111111110011111100111111111110111111000111100,random:1
1057,1057,cake09|cake07|cake10,cake09-5,8,150|300|450,25|25|50,0011110001111110111111111110011111100111111111110111111000111100,random:1
1058,1058,cake10|cake08|cake09,cake10-5,8,150|300|450,25|25|50,0011110001111110111111111110011111100111111111110111111000111100,random:1
1059,1059,cake01|cake09|cake10,cake09-5,8,150|300|450,25|25|50,0011110001111110111111111110011111100111111111110111111000111100,random:1
1060,1060,cake10|cake09|cake02,cake10-5,8,150|300|450,25|25|50,0011110001111110111111111110011111100111111111110111111000111100,random:1
